execution_timing,start,base_reentry_rule,base_alpha_drawdown_pct,rsi_entry,rsi_exit,rsi_tolerance_equiv,rsi_center_equiv,cagr,annualized_vol,max_drawdown,final_multiple,trade_count,uvix_days,uvix_day_share,days,uvix_return,uvix_signal,rule
prev_close_sma_same_open_running_dd_base_uvix_open_implied_rsi_fixed_entry_tolerance,2010-02-12,tqqq_open_running_drawdown_from_peak,54.5,69.5,68.5,0.5,69.0,0.9942158118704636,0.6377452693256808,-0.6816049710899821,69241.84827801403,181,376,0.0924059965593512,4069,uvix_ohlc_series_cto_otc,gspc_open_implied_rsi14,base alpha=54.5 running drawdown; uvix entry fixed 69.5; optimize exit<=68.5
prev_close_sma_same_open_running_dd_base_uvix_open_implied_rsi_fixed_entry_tolerance,2010-02-12,tqqq_open_running_drawdown_from_peak,54.5,69.5,68.3,0.6000000000000014,68.9,0.9870141954146829,0.6371568494158389,-0.674718824418393,65312.90365754853,179,382,0.09388056033423446,4069,uvix_ohlc_series_cto_otc,gspc_open_implied_rsi14,base alpha=54.5 running drawdown; uvix entry fixed 69.5; optimize exit<=68.5
prev_close_sma_same_open_running_dd_base_uvix_open_implied_rsi_fixed_entry_tolerance,2010-02-12,tqqq_open_running_drawdown_from_peak,54.5,69.5,68.4,0.5499999999999972,68.95,0.9735836347993392,0.6371836303088493,-0.681604971089982,58538.22849178385,179,379,0.09314327844679282,4069,uvix_ohlc_series_cto_otc,gspc_open_implied_rsi14,base alpha=54.5 running drawdown; uvix entry fixed 69.5; optimize exit<=68.5
prev_close_sma_same_open_running_dd_base_uvix_open_implied_rsi_fixed_entry_tolerance,2010-02-12,tqqq_open_running_drawdown_from_peak,54.5,69.5,68.0,0.75,68.75,0.966910304433338,0.6374498094335176,-0.6655088160767201,55422.73108936493,177,388,0.09535512410911771,4069,uvix_ohlc_series_cto_otc,gspc_open_implied_rsi14,base alpha=54.5 running drawdown; uvix entry fixed 69.5; optimize exit<=68.5
prev_close_sma_same_open_running_dd_base_uvix_open_implied_rsi_fixed_entry_tolerance,2010-02-12,tqqq_open_running_drawdown_from_peak,54.5,69.5,68.1,0.7000000000000028,68.8,0.966910304433338,0.6374498094335176,-0.6655088160767201,55422.73108936493,177,388,0.09535512410911771,4069,uvix_ohlc_series_cto_otc,gspc_open_implied_rsi14,base alpha=54.5 running drawdown; uvix entry fixed 69.5; optimize exit<=68.5
prev_close_sma_same_open_running_dd_base_uvix_open_implied_rsi_fixed_entry_tolerance,2010-02-12,tqqq_open_running_drawdown_from_peak,54.5,69.5,67.9,0.7999999999999972,68.7,0.9565041737792745,0.6373595073114656,-0.6655088160767204,50873.221567875895,177,391,0.09609240599655935,4069,uvix_ohlc_series_cto_otc,gspc_open_implied_rsi14,base alpha=54.5 running drawdown; uvix entry fixed 69.5; optimize exit<=68.5
prev_close_sma_same_open_running_dd_base_uvix_open_implied_rsi_fixed_entry_tolerance,2010-02-12,tqqq_open_running_drawdown_from_peak,54.5,69.5,68.2,0.6499999999999986,68.85,0.9561911294512451,0.6370543729541945,-0.6655088160767201,50741.94861104723,177,387,0.09510936347997051,4069,uvix_ohlc_series_cto_otc,gspc_open_implied_rsi14,base alpha=54.5 running drawdown; uvix entry fixed 69.5; optimize exit<=68.5
prev_close_sma_same_open_running_dd_base_uvix_open_implied_rsi_fixed_entry_tolerance,2010-02-12,tqqq_open_running_drawdown_from_peak,54.5,69.5,67.8,0.8500000000000014,68.65,0.937453385895874,0.6379459774822184,-0.6655088160767202,43438.322228625555,173,395,0.0970754485131482,4069,uvix_ohlc_series_cto_otc,gspc_open_implied_rsi14,base alpha=54.5 running drawdown; uvix entry fixed 69.5; optimize exit<=68.5
prev_close_sma_same_open_running_dd_base_uvix_open_implied_rsi_fixed_entry_tolerance,2010-02-12,tqqq_open_running_drawdown_from_peak,54.5,69.5,67.7,0.8999999999999986,68.6,0.9303893111057928,0.638026148381507,-0.66550881607672,40950.423049858684,171,397,0.09756696977144262,4069,uvix_ohlc_series_cto_otc,gspc_open_implied_rsi14,base alpha=54.5 running drawdown; uvix entry fixed 69.5; optimize exit<=68.5
prev_close_sma_same_open_running_dd_base_uvix_open_implied_rsi_fixed_entry_tolerance,2010-02-12,tqqq_open_running_drawdown_from_peak,54.5,69.5,66.0,1.75,67.75,0.9274255464417054,0.6472902458026857,-0.5861399811607931,39946.95913026897,139,451,0.11083804374539198,4069,uvix_ohlc_series_cto_otc,gspc_open_implied_rsi14,base alpha=54.5 running drawdown; uvix entry fixed 69.5; optimize exit<=68.5
prev_close_sma_same_open_running_dd_base_uvix_open_implied_rsi_fixed_entry_tolerance,2010-02-12,tqqq_open_running_drawdown_from_peak,54.5,69.5,67.6,0.9500000000000028,68.55,0.9134060323290782,0.6381867647567742,-0.6655088160767204,35505.093936550955,167,400,0.09830425165888425,4069,uvix_ohlc_series_cto_otc,gspc_open_implied_rsi14,base alpha=54.5 running drawdown; uvix entry fixed 69.5; optimize exit<=68.5
prev_close_sma_same_open_running_dd_base_uvix_open_implied_rsi_fixed_entry_tolerance,2010-02-12,tqqq_open_running_drawdown_from_peak,54.5,69.5,67.5,1.0,68.5,0.9121085356391812,0.6389564676522642,-0.6655088160767202,35118.32821130894,165,402,0.09879577291717867,4069,uvix_ohlc_series_cto_otc,gspc_open_implied_rsi14,base alpha=54.5 running drawdown; uvix entry fixed 69.5; optimize exit<=68.5
prev_close_sma_same_open_running_dd_base_uvix_open_implied_rsi_fixed_entry_tolerance,2010-02-12,tqqq_open_running_drawdown_from_peak,54.5,69.5,66.1,1.7000000000000028,67.8,0.9078811925584875,0.6464223563697713,-0.5861399811607932,33885.45250584043,139,450,0.11059228311624478,4069,uvix_ohlc_series_cto_otc,gspc_open_implied_rsi14,base alpha=54.5 running drawdown; uvix entry fixed 69.5; optimize exit<=68.5
prev_close_sma_same_open_running_dd_base_uvix_open_implied_rsi_fixed_entry_tolerance,2010-02-12,tqqq_open_running_drawdown_from_peak,54.5,69.5,66.2,1.6499999999999986,67.85,0.9047545753338742,0.6464849653936746,-0.5861399811607928,32999.843716877745,139,448,0.11010076185795035,4069,uvix_ohlc_series_cto_otc,gspc_open_implied_rsi14,base alpha=54.5 running drawdown; uvix entry fixed 69.5; optimize exit<=68.5
prev_close_sma_same_open_running_dd_base_uvix_open_implied_rsi_fixed_entry_tolerance,2010-02-12,tqqq_open_running_drawdown_from_peak,54.5,69.5,67.4,1.0499999999999972,68.45,0.9026263465629689,0.6389180335019687,-0.6655088160767202,32409.496997802937,163,405,0.0995330548046203,4069,uvix_ohlc_series_cto_otc,gspc_open_implied_rsi14,base alpha=54.5 running drawdown; uvix entry fixed 69.5; optimize exit<=68.5
prev_close_sma_same_open_running_dd_base_uvix_open_implied_rsi_fixed_entry_tolerance,2010-02-12,tqqq_open_running_drawdown_from_peak,54.5,69.5,67.2,1.1499999999999986,68.35,0.8934777103886344,0.6387248423776983,-0.6655088160767209,29982.786448010727,157,412,0.10125337920865077,4069,uvix_ohlc_series_cto_otc,gspc_open_implied_rsi14,base alpha=54.5 running drawdown; uvix entry fixed 69.5; optimize exit<=68.5
prev_close_sma_same_open_running_dd_base_uvix_open_implied_rsi_fixed_entry_tolerance,2010-02-12,tqqq_open_running_drawdown_from_peak,54.5,69.5,65.7,1.8999999999999986,67.6,0.8880507889958216,0.6478409789421313,-0.5861399811607928,28624.93972494222,135,454,0.11157532563283362,4069,uvix_ohlc_series_cto_otc,gspc_open_implied_rsi14,base alpha=54.5 running drawdown; uvix entry fixed 69.5; optimize exit<=68.5
prev_close_sma_same_open_running_dd_base_uvix_open_implied_rsi_fixed_entry_tolerance,2010-02-12,tqqq_open_running_drawdown_from_peak,54.5,69.5,65.8,1.8500000000000014,67.65,0.8880507889958216,0.6478409789421313,-0.5861399811607928,28624.93972494222,135,454,0.11157532563283362,4069,uvix_ohlc_series_cto_otc,gspc_open_implied_rsi14,base alpha=54.5 running drawdown; uvix entry fixed 69.5; optimize exit<=68.5
prev_close_sma_same_open_running_dd_base_uvix_open_implied_rsi_fixed_entry_tolerance,2010-02-12,tqqq_open_running_drawdown_from_peak,54.5,69.5,65.9,1.7999999999999972,67.7,0.8880507889958216,0.6478409789421313,-0.5861399811607928,28624.93972494222,135,454,0.11157532563283362,4069,uvix_ohlc_series_cto_otc,gspc_open_implied_rsi14,base alpha=54.5 running drawdown; uvix entry fixed 69.5; optimize exit<=68.5
prev_close_sma_same_open_running_dd_base_uvix_open_implied_rsi_fixed_entry_tolerance,2010-02-12,tqqq_open_running_drawdown_from_peak,54.5,69.5,66.3,1.6000000000000014,67.9,0.887102139040796,0.6454016752854309,-0.5861399811607928,28393.588279356485,141,445,0.10936347997050873,4069,uvix_ohlc_series_cto_otc,gspc_open_implied_rsi14,base alpha=54.5 running drawdown; uvix entry fixed 69.5; optimize exit<=68.5
prev_close_sma_same_open_running_dd_base_uvix_open_implied_rsi_fixed_entry_tolerance,2010-02-12,tqqq_open_running_drawdown_from_peak,54.5,69.5,65.6,1.9500000000000028,67.55,0.8848553576486513,0.6478570390999059,-0.5861399811607928,27852.63321603723,133,457,0.11231260752027525,4069,uvix_ohlc_series_cto_otc,gspc_open_implied_rsi14,base alpha=54.5 running drawdown; uvix entry fixed 69.5; optimize exit<=68.5
prev_close_sma_same_open_running_dd_base_uvix_open_implied_rsi_fixed_entry_tolerance,2010-02-12,tqqq_open_running_drawdown_from_peak,54.5,69.5,65.2,2.1499999999999986,67.35,0.8815358685418788,0.6476023046477948,-0.5861399811607928,27071.070951008198,133,460,0.11304988940771689,4069,uvix_ohlc_series_cto_otc,gspc_open_implied_rsi14,base alpha=54.5 running drawdown; uvix entry fixed 69.5; optimize exit<=68.5
prev_close_sma_same_open_running_dd_base_uvix_open_implied_rsi_fixed_entry_tolerance,2010-02-12,tqqq_open_running_drawdown_from_peak,54.5,69.5,65.3,2.1000000000000014,67.4,0.8815358685418788,0.6476023046477948,-0.5861399811607928,27071.070951008198,133,460,0.11304988940771689,4069,uvix_ohlc_series_cto_otc,gspc_open_implied_rsi14,base alpha=54.5 running drawdown; uvix entry fixed 69.5; optimize exit<=68.5
prev_close_sma_same_open_running_dd_base_uvix_open_implied_rsi_fixed_entry_tolerance,2010-02-12,tqqq_open_running_drawdown_from_peak,54.5,69.5,65.4,2.049999999999997,67.45,0.8815358685418788,0.6476023046477948,-0.5861399811607928,27071.070951008198,133,460,0.11304988940771689,4069,uvix_ohlc_series_cto_otc,gspc_open_implied_rsi14,base alpha=54.5 running drawdown; uvix entry fixed 69.5; optimize exit<=68.5
prev_close_sma_same_open_running_dd_base_uvix_open_implied_rsi_fixed_entry_tolerance,2010-02-12,tqqq_open_running_drawdown_from_peak,54.5,69.5,66.6,1.4500000000000028,68.05,0.8804547696218279,0.6427304011571772,-0.6655088160767202,26821.00378603324,141,433,0.1064143524207422,4069,uvix_ohlc_series_cto_otc,gspc_open_implied_rsi14,base alpha=54.5 running drawdown; uvix entry fixed 69.5; optimize exit<=68.5
prev_close_sma_same_open_running_dd_base_uvix_open_implied_rsi_fixed_entry_tolerance,2010-02-12,tqqq_open_running_drawdown_from_peak,54.5,69.5,65.1,2.200000000000003,67.3,0.8787186097202122,0.6474922965077463,-0.5861399811607928,26423.944911473303,133,461,0.11329565003686409,4069,uvix_ohlc_series_cto_otc,gspc_open_implied_rsi14,base alpha=54.5 running drawdown; uvix entry fixed 69.5; optimize exit<=68.5
prev_close_sma_same_open_running_dd_base_uvix_open_implied_rsi_fixed_entry_tolerance,2010-02-12,tqqq_open_running_drawdown_from_peak,54.5,69.5,67.0,1.25,68.25,0.8785267082507215,0.6395856351761603,-0.6655088160767206,26380.39719010894,147,423,0.1039567461292701,4069,uvix_ohlc_series_cto_otc,gspc_open_implied_rsi14,base alpha=54.5 running drawdown; uvix entry fixed 69.5; optimize exit<=68.5
prev_close_sma_same_open_running_dd_base_uvix_open_implied_rsi_fixed_entry_tolerance,2010-02-12,tqqq_open_running_drawdown_from_peak,54.5,69.5,65.5,2.0,67.5,0.8763309465201268,0.6472495013707471,-0.5861399811607927,25886.887184529514,133,459,0.11280412877856967,4069,uvix_ohlc_series_cto_otc,gspc_open_implied_rsi14,base alpha=54.5 running drawdown; uvix entry fixed 69.5; optimize exit<=68.5
prev_close_sma_same_open_running_dd_base_uvix_open_implied_rsi_fixed_entry_tolerance,2010-02-12,tqqq_open_running_drawdown_from_peak,54.5,69.5,63.7,2.8999999999999986,66.6,0.8759642124864551,0.6511678276223717,-0.5871619778356612,25805.31050786744,125,493,0.12115999016957484,4069,uvix_ohlc_series_cto_otc,gspc_open_implied_rsi14,base alpha=54.5 running drawdown; uvix entry fixed 69.5; optimize exit<=68.5
prev_close_sma_same_open_running_dd_base_uvix_open_implied_rsi_fixed_entry_tolerance,2010-02-12,tqqq_open_running_drawdown_from_peak,54.5,69.5,63.8,2.8500000000000014,66.65,0.8759642124864551,0.6511678276223717,-0.5871619778356612,25805.31050786744,125,493,0.12115999016957484,4069,uvix_ohlc_series_cto_otc,gspc_open_implied_rsi14,base alpha=54.5 running drawdown; uvix entry fixed 69.5; optimize exit<=68.5
prev_close_sma_same_open_running_dd_base_uvix_open_implied_rsi_fixed_entry_tolerance,2010-02-12,tqqq_open_running_drawdown_from_peak,54.5,69.5,63.9,2.8000000000000007,66.7,0.8759642124864551,0.6511678276223717,-0.5871619778356612,25805.31050786744,125,493,0.12115999016957484,4069,uvix_ohlc_series_cto_otc,gspc_open_implied_rsi14,base alpha=54.5 running drawdown; uvix entry fixed 69.5; optimize exit<=68.5
prev_close_sma_same_open_running_dd_base_uvix_open_implied_rsi_fixed_entry_tolerance,2010-02-12,tqqq_open_running_drawdown_from_peak,54.5,69.5,64.0,2.75,66.75,0.8759642124864551,0.6511678276223717,-0.5871619778356612,25805.31050786744,125,493,0.12115999016957484,4069,uvix_ohlc_series_cto_otc,gspc_open_implied_rsi14,base alpha=54.5 running drawdown; uvix entry fixed 69.5; optimize exit<=68.5
prev_close_sma_same_open_running_dd_base_uvix_open_implied_rsi_fixed_entry_tolerance,2010-02-12,tqqq_open_running_drawdown_from_peak,54.5,69.5,64.1,2.700000000000003,66.8,0.8759642124864551,0.6511678276223717,-0.5871619778356612,25805.31050786744,125,493,0.12115999016957484,4069,uvix_ohlc_series_cto_otc,gspc_open_implied_rsi14,base alpha=54.5 running drawdown; uvix entry fixed 69.5; optimize exit<=68.5
prev_close_sma_same_open_running_dd_base_uvix_open_implied_rsi_fixed_entry_tolerance,2010-02-12,tqqq_open_running_drawdown_from_peak,54.5,69.5,63.4,3.0500000000000007,66.45,0.874839948524639,0.651075359692466,-0.587161977835661,25556.728365379076,123,498,0.12238879331531088,4069,uvix_ohlc_series_cto_otc,gspc_open_implied_rsi14,base alpha=54.5 running drawdown; uvix entry fixed 69.5; optimize exit<=68.5
prev_close_sma_same_open_running_dd_base_uvix_open_implied_rsi_fixed_entry_tolerance,2010-02-12,tqqq_open_running_drawdown_from_peak,54.5,69.5,66.5,1.5,68.0,0.874035986923511,0.6431706738770602,-0.6655088160767202,25380.346610005417,141,434,0.10666011304988941,4069,uvix_ohlc_series_cto_otc,gspc_open_implied_rsi14,base alpha=54.5 running drawdown; uvix entry fixed 69.5; optimize exit<=68.5
prev_close_sma_same_open_running_dd_base_uvix_open_implied_rsi_fixed_entry_tolerance,2010-02-12,tqqq_open_running_drawdown_from_peak,54.5,69.5,67.3,1.1000000000000014,68.4,0.8722022265921763,0.638569409675881,-0.6655088160767199,24982.300054858457,159,408,0.10027033669206194,4069,uvix_ohlc_series_cto_otc,gspc_open_implied_rsi14,base alpha=54.5 running drawdown; uvix entry fixed 69.5; optimize exit<=68.5
prev_close_sma_same_open_running_dd_base_uvix_open_implied_rsi_fixed_entry_tolerance,2010-02-12,tqqq_open_running_drawdown_from_peak,54.5,69.5,64.2,2.6499999999999986,66.85,0.8713793964377481,0.651580597715532,-0.5871619778356612,24805.60188535186,127,489,0.12017694765298599,4069,uvix_ohlc_series_cto_otc,gspc_open_implied_rsi14,base alpha=54.5 running drawdown; uvix entry fixed 69.5; optimize exit<=68.5
prev_close_sma_same_open_running_dd_base_uvix_open_implied_rsi_fixed_entry_tolerance,2010-02-12,tqqq_open_running_drawdown_from_peak,54.5,69.5,66.8,1.3500000000000014,68.15,0.8684349789065269,0.639631274648077,-0.6655088160767205,24182.86153065968,143,430,0.10567707053330057,4069,uvix_ohlc_series_cto_otc,gspc_open_implied_rsi14,base alpha=54.5 running drawdown; uvix entry fixed 69.5; optimize exit<=68.5
prev_close_sma_same_open_running_dd_base_uvix_open_implied_rsi_fixed_entry_tolerance,2010-02-12,tqqq_open_running_drawdown_from_peak,54.5,69.5,63.5,3.0,66.5,0.8673348973803581,0.6510416472376354,-0.5871619778356608,23953.98236754923,123,497,0.12214303268616368,4069,uvix_ohlc_series_cto_otc,gspc_open_implied_rsi14,base alpha=54.5 running drawdown; uvix entry fixed 69.5; optimize exit<=68.5
prev_close_sma_same_open_running_dd_base_uvix_open_implied_rsi_fixed_entry_tolerance,2010-02-12,tqqq_open_running_drawdown_from_peak,54.5,69.5,66.4,1.5499999999999972,67.95,0.8665352413823415,0.6436057193802451,-0.6655088160767201,23788.885846978195,141,437,0.10739739493733104,4069,uvix_ohlc_series_cto_otc,gspc_open_implied_rsi14,base alpha=54.5 running drawdown; uvix entry fixed 69.5; optimize exit<=68.5
prev_close_sma_same_open_running_dd_base_uvix_open_implied_rsi_fixed_entry_tolerance,2010-02-12,tqqq_open_running_drawdown_from_peak,54.5,69.5,66.7,1.3999999999999986,68.1,0.8650921128811331,0.639810493871324,-0.6655088160767202,23493.636531986125,143,431,0.10592283116244777,4069,uvix_ohlc_series_cto_otc,gspc_open_implied_rsi14,base alpha=54.5 running drawdown; uvix entry fixed 69.5; optimize exit<=68.5
prev_close_sma_same_open_running_dd_base_uvix_open_implied_rsi_fixed_entry_tolerance,2010-02-12,tqqq_open_running_drawdown_from_peak,54.5,69.5,63.0,3.25,66.25,0.8646855811397425,0.6499298187127919,-0.587161977835661,23411.086965754337,121,509,0.1250921602359302,4069,uvix_ohlc_series_cto_otc,gspc_open_implied_rsi14,base alpha=54.5 running drawdown; uvix entry fixed 69.5; optimize exit<=68.5
prev_close_sma_same_open_running_dd_base_uvix_open_implied_rsi_fixed_entry_tolerance,2010-02-12,tqqq_open_running_drawdown_from_peak,54.5,69.5,63.1,3.1999999999999993,66.3,0.8646855811397425,0.6499298187127919,-0.587161977835661,23411.086965754337,121,509,0.1250921602359302,4069,uvix_ohlc_series_cto_otc,gspc_open_implied_rsi14,base alpha=54.5 running drawdown; uvix entry fixed 69.5; optimize exit<=68.5
prev_close_sma_same_open_running_dd_base_uvix_open_implied_rsi_fixed_entry_tolerance,2010-02-12,tqqq_open_running_drawdown_from_peak,54.5,69.5,63.6,2.9499999999999993,66.55,0.8633410617332054,0.651024891300649,-0.5871619778356614,23140.005265007607,123,496,0.12189727205701646,4069,uvix_ohlc_series_cto_otc,gspc_open_implied_rsi14,base alpha=54.5 running drawdown; uvix entry fixed 69.5; optimize exit<=68.5
prev_close_sma_same_open_running_dd_base_uvix_open_implied_rsi_fixed_entry_tolerance,2010-02-12,tqqq_open_running_drawdown_from_peak,54.5,69.5,64.8,2.3500000000000014,67.15,0.8603067524627783,0.6472961590356502,-0.5861399811607926,22539.011212675505,133,463,0.11378717129515852,4069,uvix_ohlc_series_cto_otc,gspc_open_implied_rsi14,base alpha=54.5 running drawdown; uvix entry fixed 69.5; optimize exit<=68.5
prev_close_sma_same_open_running_dd_base_uvix_open_implied_rsi_fixed_entry_tolerance,2010-02-12,tqqq_open_running_drawdown_from_peak,54.5,69.5,64.9,2.299999999999997,67.2,0.8603067524627783,0.6472961590356502,-0.5861399811607926,22539.011212675505,133,463,0.11378717129515852,4069,uvix_ohlc_series_cto_otc,gspc_open_implied_rsi14,base alpha=54.5 running drawdown; uvix entry fixed 69.5; optimize exit<=68.5
prev_close_sma_same_open_running_dd_base_uvix_open_implied_rsi_fixed_entry_tolerance,2010-02-12,tqqq_open_running_drawdown_from_peak,54.5,69.5,65.0,2.25,67.25,0.8603067524627783,0.6472961590356502,-0.5861399811607926,22539.011212675505,133,463,0.11378717129515852,4069,uvix_ohlc_series_cto_otc,gspc_open_implied_rsi14,base alpha=54.5 running drawdown; uvix entry fixed 69.5; optimize exit<=68.5
prev_close_sma_same_open_running_dd_base_uvix_open_implied_rsi_fixed_entry_tolerance,2010-02-12,tqqq_open_running_drawdown_from_peak,54.5,69.5,66.9,1.2999999999999972,68.2,0.8583844832693894,0.6398206516060252,-0.6655088160767205,22165.884557456673,143,427,0.10493978864585893,4069,uvix_ohlc_series_cto_otc,gspc_open_implied_rsi14,base alpha=54.5 running drawdown; uvix entry fixed 69.5; optimize exit<=68.5
prev_close_sma_same_open_running_dd_base_uvix_open_implied_rsi_fixed_entry_tolerance,2010-02-12,tqqq_open_running_drawdown_from_peak,54.5,69.5,64.3,2.6000000000000014,66.9,0.8550408461980923,0.6515543776463663,-0.5871619778356607,21530.62983950867,127,487,0.11968542639469157,4069,uvix_ohlc_series_cto_otc,gspc_open_implied_rsi14,base alpha=54.5 running drawdown; uvix entry fixed 69.5; optimize exit<=68.5
prev_close_sma_same_open_running_dd_base_uvix_open_implied_rsi_fixed_entry_tolerance,2010-02-12,tqqq_open_running_drawdown_from_peak,54.5,69.5,67.1,1.2000000000000028,68.3,0.851048455728358,0.63933932571472,-0.6655088160767204,20794.492457411616,151,419,0.10297370361268125,4069,uvix_ohlc_series_cto_otc,gspc_open_implied_rsi14,base alpha=54.5 running drawdown; uvix entry fixed 69.5; optimize exit<=68.5
prev_close_sma_same_open_running_dd_base_uvix_open_implied_rsi_fixed_entry_tolerance,2010-02-12,tqqq_open_running_drawdown_from_peak,54.5,69.5,63.2,3.1499999999999986,66.35,0.8447541936121796,0.6503430929272896,-0.5871619778356614,19681.70088405878,121,507,0.12460063897763578,4069,uvix_ohlc_series_cto_otc,gspc_open_implied_rsi14,base alpha=54.5 running drawdown; uvix entry fixed 69.5; optimize exit<=68.5
prev_close_sma_same_open_running_dd_base_uvix_open_implied_rsi_fixed_entry_tolerance,2010-02-12,tqqq_open_running_drawdown_from_peak,54.5,69.5,63.3,3.1000000000000014,66.4,0.8401454143846891,0.6501838799184336,-0.5871619778356618,18902.59028915491,121,501,0.12312607520275252,4069,uvix_ohlc_series_cto_otc,gspc_open_implied_rsi14,base alpha=54.5 running drawdown; uvix entry fixed 69.5; optimize exit<=68.5
prev_close_sma_same_open_running_dd_base_uvix_open_implied_rsi_fixed_entry_tolerance,2010-02-12,tqqq_open_running_drawdown_from_peak,54.5,69.5,64.4,2.549999999999997,66.95,0.8379479936890923,0.6512361261309836,-0.5871619778356607,18541.391561614982,127,484,0.11894814450724994,4069,uvix_ohlc_series_cto_otc,gspc_open_implied_rsi14,base alpha=54.5 running drawdown; uvix entry fixed 69.5; optimize exit<=68.5
prev_close_sma_same_open_running_dd_base_uvix_open_implied_rsi_fixed_entry_tolerance,2010-02-12,tqqq_open_running_drawdown_from_peak,54.5,69.5,64.5,2.5,67.0,0.8379479936890923,0.6512361261309836,-0.5871619778356607,18541.391561614982,127,484,0.11894814450724994,4069,uvix_ohlc_series_cto_otc,gspc_open_implied_rsi14,base alpha=54.5 running drawdown; uvix entry fixed 69.5; optimize exit<=68.5
prev_close_sma_same_open_running_dd_base_uvix_open_implied_rsi_fixed_entry_tolerance,2010-02-12,tqqq_open_running_drawdown_from_peak,54.5,69.5,62.9,3.3000000000000007,66.2,0.8240672250214947,0.650497291198449,-0.5962835979011334,16405.174888258607,117,516,0.12681248463996067,4069,uvix_ohlc_series_cto_otc,gspc_open_implied_rsi14,base alpha=54.5 running drawdown; uvix entry fixed 69.5; optimize exit<=68.5
prev_close_sma_same_open_running_dd_base_uvix_open_implied_rsi_fixed_entry_tolerance,2010-02-12,tqqq_open_running_drawdown_from_peak,54.5,69.5,62.8,3.3500000000000014,66.15,0.8192230711141062,0.6503536007614023,-0.5962835979011334,15715.678619657025,117,517,0.1270582452691079,4069,uvix_ohlc_series_cto_otc,gspc_open_implied_rsi14,base alpha=54.5 running drawdown; uvix entry fixed 69.5; optimize exit<=68.5
prev_close_sma_same_open_running_dd_base_uvix_open_implied_rsi_fixed_entry_tolerance,2010-02-12,tqqq_open_running_drawdown_from_peak,54.5,69.5,64.7,2.3999999999999986,67.1,0.8149182081040365,0.6486342317552364,-0.5871619778356612,15125.847362933198,129,477,0.11722782010321947,4069,uvix_ohlc_series_cto_otc,gspc_open_implied_rsi14,base alpha=54.5 running drawdown; uvix entry fixed 69.5; optimize exit<=68.5
prev_close_sma_same_open_running_dd_base_uvix_open_implied_rsi_fixed_entry_tolerance,2010-02-12,tqqq_open_running_drawdown_from_peak,54.5,69.5,64.6,2.450000000000003,67.05,0.8112536905181036,0.649374238012857,-0.5871619778356609,14640.180954041549,127,480,0.1179651019906611,4069,uvix_ohlc_series_cto_otc,gspc_open_implied_rsi14,base alpha=54.5 running drawdown; uvix entry fixed 69.5; optimize exit<=68.5
prev_close_sma_same_open_running_dd_base_uvix_open_implied_rsi_fixed_entry_tolerance,2010-02-12,tqqq_open_running_drawdown_from_peak,54.5,69.5,62.7,3.3999999999999986,66.1,0.7952904946777466,0.6501283822930302,-0.6177511557816309,12690.219571384825,115,525,0.12902433030228558,4069,uvix_ohlc_series_cto_otc,gspc_open_implied_rsi14,base alpha=54.5 running drawdown; uvix entry fixed 69.5; optimize exit<=68.5
prev_close_sma_same_open_running_dd_base_uvix_open_implied_rsi_fixed_entry_tolerance,2010-02-12,tqqq_open_running_drawdown_from_peak,54.5,69.5,62.6,3.4499999999999993,66.05,0.7830615904934293,0.650364571040204,-0.6177511557816319,11364.206468490685,115,528,0.1297616121897272,4069,uvix_ohlc_series_cto_otc,gspc_open_implied_rsi14,base alpha=54.5 running drawdown; uvix entry fixed 69.5; optimize exit<=68.5
prev_close_sma_same_open_running_dd_base_uvix_open_implied_rsi_fixed_entry_tolerance,2010-02-12,tqqq_open_running_drawdown_from_peak,54.5,69.5,62.3,3.6000000000000014,65.9,0.7672572979390868,0.6514281336891525,-0.6177511557816311,9842.522792828768,113,532,0.13074465470631605,4069,uvix_ohlc_series_cto_otc,gspc_open_implied_rsi14,base alpha=54.5 running drawdown; uvix entry fixed 69.5; optimize exit<=68.5
prev_close_sma_same_open_running_dd_base_uvix_open_implied_rsi_fixed_entry_tolerance,2010-02-12,tqqq_open_running_drawdown_from_peak,54.5,69.5,62.4,3.5500000000000007,65.95,0.7672572979390868,0.6514281336891525,-0.6177511557816311,9842.522792828768,113,532,0.13074465470631605,4069,uvix_ohlc_series_cto_otc,gspc_open_implied_rsi14,base alpha=54.5 running drawdown; uvix entry fixed 69.5; optimize exit<=68.5
prev_close_sma_same_open_running_dd_base_uvix_open_implied_rsi_fixed_entry_tolerance,2010-02-12,tqqq_open_running_drawdown_from_peak,54.5,69.5,62.5,3.5,66.0,0.7672572979390868,0.6514281336891525,-0.6177511557816311,9842.522792828768,113,532,0.13074465470631605,4069,uvix_ohlc_series_cto_otc,gspc_open_implied_rsi14,base alpha=54.5 running drawdown; uvix entry fixed 69.5; optimize exit<=68.5
prev_close_sma_same_open_running_dd_base_uvix_open_implied_rsi_fixed_entry_tolerance,2010-02-12,tqqq_open_running_drawdown_from_peak,54.5,69.5,62.1,3.6999999999999993,65.8,0.7616109828842801,0.6515941725702732,-0.6177511557816315,9346.865280260885,113,534,0.13123617596461046,4069,uvix_ohlc_series_cto_otc,gspc_open_implied_rsi14,base alpha=54.5 running drawdown; uvix entry fixed 69.5; optimize exit<=68.5
prev_close_sma_same_open_running_dd_base_uvix_open_implied_rsi_fixed_entry_tolerance,2010-02-12,tqqq_open_running_drawdown_from_peak,54.5,69.5,62.2,3.6499999999999986,65.85,0.7616109828842801,0.6515941725702732,-0.6177511557816315,9346.865280260885,113,534,0.13123617596461046,4069,uvix_ohlc_series_cto_otc,gspc_open_implied_rsi14,base alpha=54.5 running drawdown; uvix entry fixed 69.5; optimize exit<=68.5
prev_close_sma_same_open_running_dd_base_uvix_open_implied_rsi_fixed_entry_tolerance,2010-02-12,tqqq_open_running_drawdown_from_peak,54.5,69.5,62.0,3.75,65.75,0.760253271264687,0.6516090740627473,-0.6177511557816315,9231.222772632535,113,536,0.1317276972229049,4069,uvix_ohlc_series_cto_otc,gspc_open_implied_rsi14,base alpha=54.5 running drawdown; uvix entry fixed 69.5; optimize exit<=68.5
prev_close_sma_same_open_running_dd_base_uvix_open_implied_rsi_fixed_entry_tolerance,2010-02-12,tqqq_open_running_drawdown_from_peak,54.5,69.5,59.7,4.899999999999999,64.6,0.7550727926909684,0.6938530008795966,-0.5861399811607928,8802.192673808398,107,617,0.15163430818382895,4069,uvix_ohlc_series_cto_otc,gspc_open_implied_rsi14,base alpha=54.5 running drawdown; uvix entry fixed 69.5; optimize exit<=68.5
prev_close_sma_same_open_running_dd_base_uvix_open_implied_rsi_fixed_entry_tolerance,2010-02-12,tqqq_open_running_drawdown_from_peak,54.5,69.5,60.9,4.300000000000001,65.2,0.7520503523629369,0.6609454568928589,-0.6159883785318576,8560.599031611702,111,572,0.14057507987220447,4069,uvix_ohlc_series_cto_otc,gspc_open_implied_rsi14,base alpha=54.5 running drawdown; uvix entry fixed 69.5; optimize exit<=68.5
prev_close_sma_same_open_running_dd_base_uvix_open_implied_rsi_fixed_entry_tolerance,2010-02-12,tqqq_open_running_drawdown_from_peak,54.5,69.5,61.4,4.050000000000001,65.45,0.7509797054006166,0.6585380196094529,-0.6201109633956953,8476.521055915167,111,552,0.13565986728926027,4069,uvix_ohlc_series_cto_otc,gspc_open_implied_rsi14,base alpha=54.5 running drawdown; uvix entry fixed 69.5; optimize exit<=68.5
prev_close_sma_same_open_running_dd_base_uvix_open_implied_rsi_fixed_entry_tolerance,2010-02-12,tqqq_open_running_drawdown_from_peak,54.5,69.5,61.2,4.149999999999999,65.35,0.7503852470641872,0.6595802069335032,-0.6201109633956952,8430.173289665345,111,560,0.13762595232243793,4069,uvix_ohlc_series_cto_otc,gspc_open_implied_rsi14,base alpha=54.5 running drawdown; uvix entry fixed 69.5; optimize exit<=68.5
prev_close_sma_same_open_running_dd_base_uvix_open_implied_rsi_fixed_entry_tolerance,2010-02-12,tqqq_open_running_drawdown_from_peak,54.5,69.5,61.3,4.100000000000001,65.4,0.7503852470641872,0.6595802069335032,-0.6201109633956952,8430.173289665345,111,560,0.13762595232243793,4069,uvix_ohlc_series_cto_otc,gspc_open_implied_rsi14,base alpha=54.5 running drawdown; uvix entry fixed 69.5; optimize exit<=68.5
prev_close_sma_same_open_running_dd_base_uvix_open_implied_rsi_fixed_entry_tolerance,2010-02-12,tqqq_open_running_drawdown_from_peak,54.5,69.5,61.0,4.25,65.25,0.7465490299550965,0.6602798611611822,-0.6159883785318578,8136.746752519742,111,568,0.13959203735561562,4069,uvix_ohlc_series_cto_otc,gspc_open_implied_rsi14,base alpha=54.5 running drawdown; uvix entry fixed 69.5; optimize exit<=68.5
prev_close_sma_same_open_running_dd_base_uvix_open_implied_rsi_fixed_entry_tolerance,2010-02-12,tqqq_open_running_drawdown_from_peak,54.5,69.5,61.1,4.199999999999999,65.3,0.7465490299550965,0.6602798611611822,-0.6159883785318578,8136.746752519742,111,568,0.13959203735561562,4069,uvix_ohlc_series_cto_otc,gspc_open_implied_rsi14,base alpha=54.5 running drawdown; uvix entry fixed 69.5; optimize exit<=68.5
prev_close_sma_same_open_running_dd_base_uvix_open_implied_rsi_fixed_entry_tolerance,2010-02-12,tqqq_open_running_drawdown_from_peak,54.5,69.5,60.7,4.399999999999999,65.1,0.7421557047830571,0.6627871480157428,-0.615988378531858,7812.48448247635,109,579,0.14229540427623494,4069,uvix_ohlc_series_cto_otc,gspc_open_implied_rsi14,base alpha=54.5 running drawdown; uvix entry fixed 69.5; optimize exit<=68.5
prev_close_sma_same_open_running_dd_base_uvix_open_implied_rsi_fixed_entry_tolerance,2010-02-12,tqqq_open_running_drawdown_from_peak,54.5,69.5,60.8,4.350000000000001,65.15,0.7421557047830571,0.6627871480157428,-0.615988378531858,7812.48448247635,109,579,0.14229540427623494,4069,uvix_ohlc_series_cto_otc,gspc_open_implied_rsi14,base alpha=54.5 running drawdown; uvix entry fixed 69.5; optimize exit<=68.5
prev_close_sma_same_open_running_dd_base_uvix_open_implied_rsi_fixed_entry_tolerance,2010-02-12,tqqq_open_running_drawdown_from_peak,54.5,69.5,60.1,4.699999999999999,64.8,0.7420741468031573,0.6709549847812555,-0.5861399811607925,7806.581087525263,107,611,0.1501597444089457,4069,uvix_ohlc_series_cto_otc,gspc_open_implied_rsi14,base alpha=54.5 running drawdown; uvix entry fixed 69.5; optimize exit<=68.5
prev_close_sma_same_open_running_dd_base_uvix_open_implied_rsi_fixed_entry_tolerance,2010-02-12,tqqq_open_running_drawdown_from_peak,54.5,69.5,61.9,3.8000000000000007,65.7,0.7372314865029042,0.6508695081166226,-0.6177511557816315,7463.461126679369,111,539,0.13246497911034652,4069,uvix_ohlc_series_cto_otc,gspc_open_implied_rsi14,base alpha=54.5 running drawdown; uvix entry fixed 69.5; optimize exit<=68.5
prev_close_sma_same_open_running_dd_base_uvix_open_implied_rsi_fixed_entry_tolerance,2010-02-12,tqqq_open_running_drawdown_from_peak,54.5,69.5,61.5,4.0,65.5,0.7362729248556401,0.6547602644309899,-0.6201109633956953,7397.243155321584,111,550,0.13516834603096584,4069,uvix_ohlc_series_cto_otc,gspc_open_implied_rsi14,base alpha=54.5 running drawdown; uvix entry fixed 69.5; optimize exit<=68.5
prev_close_sma_same_open_running_dd_base_uvix_open_implied_rsi_fixed_entry_tolerance,2010-02-12,tqqq_open_running_drawdown_from_peak,54.5,69.5,61.6,3.9499999999999993,65.55,0.7362729248556401,0.6547602644309899,-0.6201109633956953,7397.243155321584,111,550,0.13516834603096584,4069,uvix_ohlc_series_cto_otc,gspc_open_implied_rsi14,base alpha=54.5 running drawdown; uvix entry fixed 69.5; optimize exit<=68.5
prev_close_sma_same_open_running_dd_base_uvix_open_implied_rsi_fixed_entry_tolerance,2010-02-12,tqqq_open_running_drawdown_from_peak,54.5,69.5,61.7,3.8999999999999986,65.6,0.7362729248556401,0.6547602644309899,-0.6201109633956953,7397.243155321584,111,550,0.13516834603096584,4069,uvix_ohlc_series_cto_otc,gspc_open_implied_rsi14,base alpha=54.5 running drawdown; uvix entry fixed 69.5; optimize exit<=68.5
prev_close_sma_same_open_running_dd_base_uvix_open_implied_rsi_fixed_entry_tolerance,2010-02-12,tqqq_open_running_drawdown_from_peak,54.5,69.5,61.8,3.8500000000000014,65.65,0.7362729248556401,0.6547602644309899,-0.6201109633956953,7397.243155321584,111,550,0.13516834603096584,4069,uvix_ohlc_series_cto_otc,gspc_open_implied_rsi14,base alpha=54.5 running drawdown; uvix entry fixed 69.5; optimize exit<=68.5
prev_close_sma_same_open_running_dd_base_uvix_open_implied_rsi_fixed_entry_tolerance,2010-02-12,tqqq_open_running_drawdown_from_peak,54.5,69.5,60.2,4.649999999999999,64.85,0.7339809498800984,0.6708092246126992,-0.5861399811607925,7241.139714993701,107,610,0.14991398377979848,4069,uvix_ohlc_series_cto_otc,gspc_open_implied_rsi14,base alpha=54.5 running drawdown; uvix entry fixed 69.5; optimize exit<=68.5
prev_close_sma_same_open_running_dd_base_uvix_open_implied_rsi_fixed_entry_tolerance,2010-02-12,tqqq_open_running_drawdown_from_peak,54.5,69.5,59.8,4.850000000000001,64.65,0.733319442886484,0.6710186713922626,-0.5861399811607928,7196.663290803058,107,614,0.15089702629638732,4069,uvix_ohlc_series_cto_otc,gspc_open_implied_rsi14,base alpha=54.5 running drawdown; uvix entry fixed 69.5; optimize exit<=68.5
prev_close_sma_same_open_running_dd_base_uvix_open_implied_rsi_fixed_entry_tolerance,2010-02-12,tqqq_open_running_drawdown_from_peak,54.5,69.5,59.9,4.800000000000001,64.7,0.733319442886484,0.6710186713922626,-0.5861399811607928,7196.663290803058,107,614,0.15089702629638732,4069,uvix_ohlc_series_cto_otc,gspc_open_implied_rsi14,base alpha=54.5 running drawdown; uvix entry fixed 69.5; optimize exit<=68.5
prev_close_sma_same_open_running_dd_base_uvix_open_implied_rsi_fixed_entry_tolerance,2010-02-12,tqqq_open_running_drawdown_from_peak,54.5,69.5,60.0,4.75,64.75,0.733319442886484,0.6710186713922626,-0.5861399811607928,7196.663290803058,107,614,0.15089702629638732,4069,uvix_ohlc_series_cto_otc,gspc_open_implied_rsi14,base alpha=54.5 running drawdown; uvix entry fixed 69.5; optimize exit<=68.5
prev_close_sma_same_open_running_dd_base_uvix_open_implied_rsi_fixed_entry_tolerance,2010-02-12,tqqq_open_running_drawdown_from_peak,54.5,69.5,60.3,4.600000000000001,64.9,0.7324386674172829,0.669845358229011,-0.5861399811607926,7137.8420213624,107,600,0.14745637748832638,4069,uvix_ohlc_series_cto_otc,gspc_open_implied_rsi14,base alpha=54.5 running drawdown; uvix entry fixed 69.5; optimize exit<=68.5
prev_close_sma_same_open_running_dd_base_uvix_open_implied_rsi_fixed_entry_tolerance,2010-02-12,tqqq_open_running_drawdown_from_peak,54.5,69.5,60.4,4.550000000000001,64.95,0.7118673127416686,0.6683214980211082,-0.5861399811607931,5885.738055751293,107,598,0.14696485623003194,4069,uvix_ohlc_series_cto_otc,gspc_open_implied_rsi14,base alpha=54.5 running drawdown; uvix entry fixed 69.5; optimize exit<=68.5
prev_close_sma_same_open_running_dd_base_uvix_open_implied_rsi_fixed_entry_tolerance,2010-02-12,tqqq_open_running_drawdown_from_peak,54.5,69.5,60.5,4.5,65.0,0.7065611680264552,0.6682715708113122,-0.5861399811607931,5597.977287297045,107,597,0.14671909560088472,4069,uvix_ohlc_series_cto_otc,gspc_open_implied_rsi14,base alpha=54.5 running drawdown; uvix entry fixed 69.5; optimize exit<=68.5
prev_close_sma_same_open_running_dd_base_uvix_open_implied_rsi_fixed_entry_tolerance,2010-02-12,tqqq_open_running_drawdown_from_peak,54.5,69.5,60.6,4.449999999999999,65.05,0.6925085279015382,0.6676222945257015,-0.6159883785318578,4898.329374890836,107,594,0.1459818137134431,4069,uvix_ohlc_series_cto_otc,gspc_open_implied_rsi14,base alpha=54.5 running drawdown; uvix entry fixed 69.5; optimize exit<=68.5
prev_close_sma_same_open_running_dd_base_uvix_open_implied_rsi_fixed_entry_tolerance,2010-02-12,tqqq_open_running_drawdown_from_peak,54.5,69.5,59.6,4.949999999999999,64.55,0.6920139515420269,0.6949176511045299,-0.5861399811607928,4875.2684478996,103,632,0.1553207176210371,4069,uvix_ohlc_series_cto_otc,gspc_open_implied_rsi14,base alpha=54.5 running drawdown; uvix entry fixed 69.5; optimize exit<=68.5
prev_close_sma_same_open_running_dd_base_uvix_open_implied_rsi_fixed_entry_tolerance,2010-02-12,tqqq_open_running_drawdown_from_peak,54.5,69.5,59.2,5.149999999999999,64.35,0.6638669637550809,0.6946222727633062,-0.5861399811607932,3718.4625157568257,101,636,0.15630376013762595,4069,uvix_ohlc_series_cto_otc,gspc_open_implied_rsi14,base alpha=54.5 running drawdown; uvix entry fixed 69.5; optimize exit<=68.5
prev_close_sma_same_open_running_dd_base_uvix_open_implied_rsi_fixed_entry_tolerance,2010-02-12,tqqq_open_running_drawdown_from_peak,54.5,69.5,59.3,5.100000000000001,64.4,0.6638669637550809,0.6946222727633062,-0.5861399811607932,3718.4625157568257,101,636,0.15630376013762595,4069,uvix_ohlc_series_cto_otc,gspc_open_implied_rsi14,base alpha=54.5 running drawdown; uvix entry fixed 69.5; optimize exit<=68.5
prev_close_sma_same_open_running_dd_base_uvix_open_implied_rsi_fixed_entry_tolerance,2010-02-12,tqqq_open_running_drawdown_from_peak,54.5,69.5,59.4,5.050000000000001,64.45,0.6638669637550809,0.6946222727633062,-0.5861399811607932,3718.4625157568257,101,636,0.15630376013762595,4069,uvix_ohlc_series_cto_otc,gspc_open_implied_rsi14,base alpha=54.5 running drawdown; uvix entry fixed 69.5; optimize exit<=68.5
prev_close_sma_same_open_running_dd_base_uvix_open_implied_rsi_fixed_entry_tolerance,2010-02-12,tqqq_open_running_drawdown_from_peak,54.5,69.5,59.5,5.0,64.5,0.6638669637550809,0.6946222727633062,-0.5861399811607932,3718.4625157568257,101,636,0.15630376013762595,4069,uvix_ohlc_series_cto_otc,gspc_open_implied_rsi14,base alpha=54.5 running drawdown; uvix entry fixed 69.5; optimize exit<=68.5
prev_close_sma_same_open_running_dd_base_uvix_open_implied_rsi_fixed_entry_tolerance,2010-02-12,tqqq_open_running_drawdown_from_peak,54.5,69.5,58.9,5.300000000000001,64.2,0.661873711702172,0.6981061944625424,-0.5861399811607926,3647.18404767158,97,651,0.1599901695748341,4069,uvix_ohlc_series_cto_otc,gspc_open_implied_rsi14,base alpha=54.5 running drawdown; uvix entry fixed 69.5; optimize exit<=68.5
prev_close_sma_same_open_running_dd_base_uvix_open_implied_rsi_fixed_entry_tolerance,2010-02-12,tqqq_open_running_drawdown_from_peak,54.5,69.5,56.9,6.300000000000001,63.2,0.6395729918810431,0.7135475880233402,-0.6715315891085822,2932.378454897265,93,717,0.17621037109855,4069,uvix_ohlc_series_cto_otc,gspc_open_implied_rsi14,base alpha=54.5 running drawdown; uvix entry fixed 69.5; optimize exit<=68.5
prev_close_sma_same_open_running_dd_base_uvix_open_implied_rsi_fixed_entry_tolerance,2010-02-12,tqqq_open_running_drawdown_from_peak,54.5,69.5,57.0,6.25,63.25,0.6395729918810431,0.7135475880233402,-0.6715315891085822,2932.378454897265,93,717,0.17621037109855,4069,uvix_ohlc_series_cto_otc,gspc_open_implied_rsi14,base alpha=54.5 running drawdown; uvix entry fixed 69.5; optimize exit<=68.5
prev_close_sma_same_open_running_dd_base_uvix_open_implied_rsi_fixed_entry_tolerance,2010-02-12,tqqq_open_running_drawdown_from_peak,54.5,69.5,56.8,6.350000000000001,63.15,0.6363916981156457,0.7139507248596199,-0.6715315891085822,2841.8448462308893,93,720,0.17694765298599163,4069,uvix_ohlc_series_cto_otc,gspc_open_implied_rsi14,base alpha=54.5 running drawdown; uvix entry fixed 69.5; optimize exit<=68.5
prev_close_sma_same_open_running_dd_base_uvix_open_implied_rsi_fixed_entry_tolerance,2010-02-12,tqqq_open_running_drawdown_from_peak,54.5,69.5,59.0,5.25,64.25,0.6298056356413806,0.6955202296412496,-0.5861399811607932,2662.686083531444,97,649,0.1594986483165397,4069,uvix_ohlc_series_cto_otc,gspc_open_implied_rsi14,base alpha=54.5 running drawdown; uvix entry fixed 69.5; optimize exit<=68.5
prev_close_sma_same_open_running_dd_base_uvix_open_implied_rsi_fixed_entry_tolerance,2010-02-12,tqqq_open_running_drawdown_from_peak,54.5,69.5,59.1,5.199999999999999,64.3,0.6229592861101951,0.695409277696498,-0.5861399811607935,2487.7143029470453,97,647,0.15900712705824527,4069,uvix_ohlc_series_cto_otc,gspc_open_implied_rsi14,base alpha=54.5 running drawdown; uvix entry fixed 69.5; optimize exit<=68.5
prev_close_sma_same_open_running_dd_base_uvix_open_implied_rsi_fixed_entry_tolerance,2010-02-12,tqqq_open_running_drawdown_from_peak,54.5,69.5,58.4,5.550000000000001,63.95,0.6228053529825974,0.7040500180597306,-0.6715315891085822,2483.907151205192,95,672,0.16515114278692553,4069,uvix_ohlc_series_cto_otc,gspc_open_implied_rsi14,base alpha=54.5 running drawdown; uvix entry fixed 69.5; optimize exit<=68.5
prev_close_sma_same_open_running_dd_base_uvix_open_implied_rsi_fixed_entry_tolerance,2010-02-12,tqqq_open_running_drawdown_from_peak,54.5,69.5,57.9,5.800000000000001,63.7,0.616924652105798,0.7065904006041256,-0.6715315891085822,2342.4885654855875,95,676,0.16613418530351437,4069,uvix_ohlc_series_cto_otc,gspc_open_implied_rsi14,base alpha=54.5 running drawdown; uvix entry fixed 69.5; optimize exit<=68.5
prev_close_sma_same_open_running_dd_base_uvix_open_implied_rsi_fixed_entry_tolerance,2010-02-12,tqqq_open_running_drawdown_from_peak,54.5,69.5,56.5,6.5,63.0,0.6160376992551142,0.7166737350171253,-0.6414860442747048,2321.82657811809,93,738,0.18137134431064145,4069,uvix_ohlc_series_cto_otc,gspc_open_implied_rsi14,base alpha=54.5 running drawdown; uvix entry fixed 69.5; optimize exit<=68.5
prev_close_sma_same_open_running_dd_base_uvix_open_implied_rsi_fixed_entry_tolerance,2010-02-12,tqqq_open_running_drawdown_from_peak,54.5,69.5,56.6,6.449999999999999,63.05,0.6160376992551142,0.7166737350171253,-0.6414860442747048,2321.82657811809,93,738,0.18137134431064145,4069,uvix_ohlc_series_cto_otc,gspc_open_implied_rsi14,base alpha=54.5 running drawdown; uvix entry fixed 69.5; optimize exit<=68.5
prev_close_sma_same_open_running_dd_base_uvix_open_implied_rsi_fixed_entry_tolerance,2010-02-12,tqqq_open_running_drawdown_from_peak,54.5,69.5,56.7,6.399999999999999,63.1,0.6160376992551142,0.7166737350171253,-0.6414860442747048,2321.82657811809,93,738,0.18137134431064145,4069,uvix_ohlc_series_cto_otc,gspc_open_implied_rsi14,base alpha=54.5 running drawdown; uvix entry fixed 69.5; optimize exit<=68.5
prev_close_sma_same_open_running_dd_base_uvix_open_implied_rsi_fixed_entry_tolerance,2010-02-12,tqqq_open_running_drawdown_from_peak,54.5,69.5,58.0,5.75,63.75,0.6158871440942082,0.7064382985005077,-0.6715315891085822,2318.336342941558,95,675,0.16588842467436718,4069,uvix_ohlc_series_cto_otc,gspc_open_implied_rsi14,base alpha=54.5 running drawdown; uvix entry fixed 69.5; optimize exit<=68.5
prev_close_sma_same_open_running_dd_base_uvix_open_implied_rsi_fixed_entry_tolerance,2010-02-12,tqqq_open_running_drawdown_from_peak,54.5,69.5,58.1,5.699999999999999,63.8,0.6158871440942082,0.7064382985005077,-0.6715315891085822,2318.336342941558,95,675,0.16588842467436718,4069,uvix_ohlc_series_cto_otc,gspc_open_implied_rsi14,base alpha=54.5 running drawdown; uvix entry fixed 69.5; optimize exit<=68.5
prev_close_sma_same_open_running_dd_base_uvix_open_implied_rsi_fixed_entry_tolerance,2010-02-12,tqqq_open_running_drawdown_from_peak,54.5,69.5,58.2,5.649999999999999,63.85,0.6158871440942082,0.7064382985005077,-0.6715315891085822,2318.336342941558,95,675,0.16588842467436718,4069,uvix_ohlc_series_cto_otc,gspc_open_implied_rsi14,base alpha=54.5 running drawdown; uvix entry fixed 69.5; optimize exit<=68.5
prev_close_sma_same_open_running_dd_base_uvix_open_implied_rsi_fixed_entry_tolerance,2010-02-12,tqqq_open_running_drawdown_from_peak,54.5,69.5,58.3,5.600000000000001,63.9,0.614929665091055,0.7063501750750288,-0.6715315891085822,2296.254568038446,95,674,0.16564266404521996,4069,uvix_ohlc_series_cto_otc,gspc_open_implied_rsi14,base alpha=54.5 running drawdown; uvix entry fixed 69.5; optimize exit<=68.5
prev_close_sma_same_open_running_dd_base_uvix_open_implied_rsi_fixed_entry_tolerance,2010-02-12,tqqq_open_running_drawdown_from_peak,54.5,69.5,56.3,6.600000000000001,62.9,0.6134872408422969,0.7274815017121651,-0.6414860442747048,2263.360978304934,93,739,0.18161710493978864,4069,uvix_ohlc_series_cto_otc,gspc_open_implied_rsi14,base alpha=54.5 running drawdown; uvix entry fixed 69.5; optimize exit<=68.5
prev_close_sma_same_open_running_dd_base_uvix_open_implied_rsi_fixed_entry_tolerance,2010-02-12,tqqq_open_running_drawdown_from_peak,54.5,69.5,56.4,6.550000000000001,62.95,0.6134872408422969,0.7274815017121651,-0.6414860442747048,2263.360978304934,93,739,0.18161710493978864,4069,uvix_ohlc_series_cto_otc,gspc_open_implied_rsi14,base alpha=54.5 running drawdown; uvix entry fixed 69.5; optimize exit<=68.5
prev_close_sma_same_open_running_dd_base_uvix_open_implied_rsi_fixed_entry_tolerance,2010-02-12,tqqq_open_running_drawdown_from_peak,54.5,69.5,58.5,5.5,64.0,0.6089220618388544,0.7027904884013251,-0.6715315891085822,2162.144393844732,95,671,0.16490538215777834,4069,uvix_ohlc_series_cto_otc,gspc_open_implied_rsi14,base alpha=54.5 running drawdown; uvix entry fixed 69.5; optimize exit<=68.5
prev_close_sma_same_open_running_dd_base_uvix_open_implied_rsi_fixed_entry_tolerance,2010-02-12,tqqq_open_running_drawdown_from_peak,54.5,69.5,57.7,5.899999999999999,63.6,0.6085761717137201,0.7055262585784524,-0.6715315891085822,2154.6511814348196,95,680,0.16711722782010321,4069,uvix_ohlc_series_cto_otc,gspc_open_implied_rsi14,base alpha=54.5 running drawdown; uvix entry fixed 69.5; optimize exit<=68.5
prev_close_sma_same_open_running_dd_base_uvix_open_implied_rsi_fixed_entry_tolerance,2010-02-12,tqqq_open_running_drawdown_from_peak,54.5,69.5,57.4,6.050000000000001,63.45,0.6085527486860449,0.7055552792814656,-0.6715315891085822,2154.1446369065675,95,682,0.16760874907839765,4069,uvix_ohlc_series_cto_otc,gspc_open_implied_rsi14,base alpha=54.5 running drawdown; uvix entry fixed 69.5; optimize exit<=68.5
prev_close_sma_same_open_running_dd_base_uvix_open_implied_rsi_fixed_entry_tolerance,2010-02-12,tqqq_open_running_drawdown_from_peak,54.5,69.5,57.5,6.0,63.5,0.6085527486860449,0.7055552792814656,-0.6715315891085822,2154.1446369065675,95,682,0.16760874907839765,4069,uvix_ohlc_series_cto_otc,gspc_open_implied_rsi14,base alpha=54.5 running drawdown; uvix entry fixed 69.5; optimize exit<=68.5
prev_close_sma_same_open_running_dd_base_uvix_open_implied_rsi_fixed_entry_tolerance,2010-02-12,tqqq_open_running_drawdown_from_peak,54.5,69.5,57.6,5.949999999999999,63.55,0.6085527486860449,0.7055552792814656,-0.6715315891085822,2154.1446369065675,95,682,0.16760874907839765,4069,uvix_ohlc_series_cto_otc,gspc_open_implied_rsi14,base alpha=54.5 running drawdown; uvix entry fixed 69.5; optimize exit<=68.5
prev_close_sma_same_open_running_dd_base_uvix_open_implied_rsi_fixed_entry_tolerance,2010-02-12,tqqq_open_running_drawdown_from_peak,54.5,69.5,57.8,5.850000000000001,63.65,0.6076916292016081,0.7056365518777883,-0.6715315891085822,2135.5994925424297,95,677,0.1663799459326616,4069,uvix_ohlc_series_cto_otc,gspc_open_implied_rsi14,base alpha=54.5 running drawdown; uvix entry fixed 69.5; optimize exit<=68.5
prev_close_sma_same_open_running_dd_base_uvix_open_implied_rsi_fixed_entry_tolerance,2010-02-12,tqqq_open_running_drawdown_from_peak,54.5,69.5,57.1,6.199999999999999,63.3,0.6043521111964527,0.7116889431839731,-0.6715315891085822,2065.0865126494596,93,715,0.1757188498402556,4069,uvix_ohlc_series_cto_otc,gspc_open_implied_rsi14,base alpha=54.5 running drawdown; uvix entry fixed 69.5; optimize exit<=68.5
prev_close_sma_same_open_running_dd_base_uvix_open_implied_rsi_fixed_entry_tolerance,2010-02-12,tqqq_open_running_drawdown_from_peak,54.5,69.5,53.0,8.25,61.25,0.6022042865457868,0.7433157882429907,-0.6807811677641546,2020.8962331320297,89,854,0.20987957729171786,4069,uvix_ohlc_series_cto_otc,gspc_open_implied_rsi14,base alpha=54.5 running drawdown; uvix entry fixed 69.5; optimize exit<=68.5
prev_close_sma_same_open_running_dd_base_uvix_open_implied_rsi_fixed_entry_tolerance,2010-02-12,tqqq_open_running_drawdown_from_peak,54.5,69.5,55.7,6.899999999999999,62.6,0.6019329056495435,0.7289582211084521,-0.6414860442747048,2015.3762782386384,91,773,0.1899729663307938,4069,uvix_ohlc_series_cto_otc,gspc_open_implied_rsi14,base alpha=54.5 running drawdown; uvix entry fixed 69.5; optimize exit<=68.5
prev_close_sma_same_open_running_dd_base_uvix_open_implied_rsi_fixed_entry_tolerance,2010-02-12,tqqq_open_running_drawdown_from_peak,54.5,69.5,55.8,6.850000000000001,62.65,0.6019329056495435,0.7289582211084521,-0.6414860442747048,2015.3762782386384,91,773,0.1899729663307938,4069,uvix_ohlc_series_cto_otc,gspc_open_implied_rsi14,base alpha=54.5 running drawdown; uvix entry fixed 69.5; optimize exit<=68.5
prev_close_sma_same_open_running_dd_base_uvix_open_implied_rsi_fixed_entry_tolerance,2010-02-12,tqqq_open_running_drawdown_from_peak,54.5,69.5,58.6,5.449999999999999,64.05,0.5962506756197601,0.700882433727354,-0.6715315891085822,1902.9961258778817,95,667,0.1639223396411895,4069,uvix_ohlc_series_cto_otc,gspc_open_implied_rsi14,base alpha=54.5 running drawdown; uvix entry fixed 69.5; optimize exit<=68.5
prev_close_sma_same_open_running_dd_base_uvix_open_implied_rsi_fixed_entry_tolerance,2010-02-12,tqqq_open_running_drawdown_from_peak,54.5,69.5,55.6,6.949999999999999,62.55,0.5961783942805094,0.7289631210983238,-0.6414860442747048,1901.6052088635481,91,774,0.19021872695994102,4069,uvix_ohlc_series_cto_otc,gspc_open_implied_rsi14,base alpha=54.5 running drawdown; uvix entry fixed 69.5; optimize exit<=68.5
prev_close_sma_same_open_running_dd_base_uvix_open_implied_rsi_fixed_entry_tolerance,2010-02-12,tqqq_open_running_drawdown_from_peak,54.5,69.5,58.7,5.399999999999999,64.1,0.5956170416723863,0.7006325261361112,-0.6715315891085822,1890.8354624624396,95,662,0.16269353649545343,4069,uvix_ohlc_series_cto_otc,gspc_open_implied_rsi14,base alpha=54.5 running drawdown; uvix entry fixed 69.5; optimize exit<=68.5
prev_close_sma_same_open_running_dd_base_uvix_open_implied_rsi_fixed_entry_tolerance,2010-02-12,tqqq_open_running_drawdown_from_peak,54.5,69.5,58.8,5.350000000000001,64.15,0.5956170416723863,0.7006325261361112,-0.6715315891085822,1890.8354624624396,95,662,0.16269353649545343,4069,uvix_ohlc_series_cto_otc,gspc_open_implied_rsi14,base alpha=54.5 running drawdown; uvix entry fixed 69.5; optimize exit<=68.5
prev_close_sma_same_open_running_dd_base_uvix_open_implied_rsi_fixed_entry_tolerance,2010-02-12,tqqq_open_running_drawdown_from_peak,54.5,69.5,55.9,6.800000000000001,62.7,0.5925787810319527,0.7293079761191982,-0.6414860442747048,1833.5313886578276,91,771,0.1894814450724994,4069,uvix_ohlc_series_cto_otc,gspc_open_implied_rsi14,base alpha=54.5 running drawdown; uvix entry fixed 69.5; optimize exit<=68.5
prev_close_sma_same_open_running_dd_base_uvix_open_implied_rsi_fixed_entry_tolerance,2010-02-12,tqqq_open_running_drawdown_from_peak,54.5,69.5,56.0,6.75,62.75,0.5925787810319527,0.7293079761191982,-0.6414860442747048,1833.5313886578276,91,771,0.1894814450724994,4069,uvix_ohlc_series_cto_otc,gspc_open_implied_rsi14,base alpha=54.5 running drawdown; uvix entry fixed 69.5; optimize exit<=68.5
prev_close_sma_same_open_running_dd_base_uvix_open_implied_rsi_fixed_entry_tolerance,2010-02-12,tqqq_open_running_drawdown_from_peak,54.5,69.5,54.6,7.449999999999999,62.05,0.5918309016898058,0.7363239703705113,-0.6453562984851917,1819.6778022323685,91,801,0.19685426394691571,4069,uvix_ohlc_series_cto_otc,gspc_open_implied_rsi14,base alpha=54.5 running drawdown; uvix entry fixed 69.5; optimize exit<=68.5
prev_close_sma_same_open_running_dd_base_uvix_open_implied_rsi_fixed_entry_tolerance,2010-02-12,tqqq_open_running_drawdown_from_peak,54.5,69.5,54.7,7.399999999999999,62.1,0.5918309016898058,0.7363239703705113,-0.6453562984851917,1819.6778022323685,91,801,0.19685426394691571,4069,uvix_ohlc_series_cto_otc,gspc_open_implied_rsi14,base alpha=54.5 running drawdown; uvix entry fixed 69.5; optimize exit<=68.5
prev_close_sma_same_open_running_dd_base_uvix_open_implied_rsi_fixed_entry_tolerance,2010-02-12,tqqq_open_running_drawdown_from_peak,54.5,69.5,53.1,8.2,61.3,0.5916754088971949,0.742891577899696,-0.6807811677641546,1816.809838047523,89,852,0.20938805603342345,4069,uvix_ohlc_series_cto_otc,gspc_open_implied_rsi14,base alpha=54.5 running drawdown; uvix entry fixed 69.5; optimize exit<=68.5
prev_close_sma_same_open_running_dd_base_uvix_open_implied_rsi_fixed_entry_tolerance,2010-02-12,tqqq_open_running_drawdown_from_peak,54.5,69.5,54.8,7.350000000000001,62.15,0.5916401145088677,0.7354418840868157,-0.6453562984851917,1816.1594465679732,91,800,0.1966085033177685,4069,uvix_ohlc_series_cto_otc,gspc_open_implied_rsi14,base alpha=54.5 running drawdown; uvix entry fixed 69.5; optimize exit<=68.5
prev_close_sma_same_open_running_dd_base_uvix_open_implied_rsi_fixed_entry_tolerance,2010-02-12,tqqq_open_running_drawdown_from_peak,54.5,69.5,55.3,7.100000000000001,62.4,0.5908421667326018,0.7320938411330132,-0.6453562984851917,1801.5133281442716,91,783,0.1924305726222659,4069,uvix_ohlc_series_cto_otc,gspc_open_implied_rsi14,base alpha=54.5 running drawdown; uvix entry fixed 69.5; optimize exit<=68.5
prev_close_sma_same_open_running_dd_base_uvix_open_implied_rsi_fixed_entry_tolerance,2010-02-12,tqqq_open_running_drawdown_from_peak,54.5,69.5,55.4,7.050000000000001,62.45,0.589285202352815,0.7317128304228796,-0.6453562984851917,1773.2541131817304,91,782,0.1921848119931187,4069,uvix_ohlc_series_cto_otc,gspc_open_implied_rsi14,base alpha=54.5 running drawdown; uvix entry fixed 69.5; optimize exit<=68.5
prev_close_sma_same_open_running_dd_base_uvix_open_implied_rsi_fixed_entry_tolerance,2010-02-12,tqqq_open_running_drawdown_from_peak,54.5,69.5,53.2,8.149999999999999,61.35,0.5888288052554864,0.7427039751645579,-0.6807811677641552,1765.0495610609626,89,848,0.2084050135168346,4069,uvix_ohlc_series_cto_otc,gspc_open_implied_rsi14,base alpha=54.5 running drawdown; uvix entry fixed 69.5; optimize exit<=68.5
prev_close_sma_same_open_running_dd_base_uvix_open_implied_rsi_fixed_entry_tolerance,2010-02-12,tqqq_open_running_drawdown_from_peak,54.5,69.5,53.3,8.100000000000001,61.4,0.5888288052554864,0.7427039751645579,-0.6807811677641552,1765.0495610609626,89,848,0.2084050135168346,4069,uvix_ohlc_series_cto_otc,gspc_open_implied_rsi14,base alpha=54.5 running drawdown; uvix entry fixed 69.5; optimize exit<=68.5
prev_close_sma_same_open_running_dd_base_uvix_open_implied_rsi_fixed_entry_tolerance,2010-02-12,tqqq_open_running_drawdown_from_peak,54.5,69.5,55.0,7.25,62.25,0.5887636459549981,0.7321052052555125,-0.6453562984851917,1763.8811155119897,91,784,0.19267633325141312,4069,uvix_ohlc_series_cto_otc,gspc_open_implied_rsi14,base alpha=54.5 running drawdown; uvix entry fixed 69.5; optimize exit<=68.5
prev_close_sma_same_open_running_dd_base_uvix_open_implied_rsi_fixed_entry_tolerance,2010-02-12,tqqq_open_running_drawdown_from_peak,54.5,69.5,55.1,7.199999999999999,62.3,0.5887636459549981,0.7321052052555125,-0.6453562984851917,1763.8811155119897,91,784,0.19267633325141312,4069,uvix_ohlc_series_cto_otc,gspc_open_implied_rsi14,base alpha=54.5 running drawdown; uvix entry fixed 69.5; optimize exit<=68.5
prev_close_sma_same_open_running_dd_base_uvix_open_implied_rsi_fixed_entry_tolerance,2010-02-12,tqqq_open_running_drawdown_from_peak,54.5,69.5,55.2,7.149999999999999,62.35,0.5887636459549981,0.7321052052555125,-0.6453562984851917,1763.8811155119897,91,784,0.19267633325141312,4069,uvix_ohlc_series_cto_otc,gspc_open_implied_rsi14,base alpha=54.5 running drawdown; uvix entry fixed 69.5; optimize exit<=68.5
prev_close_sma_same_open_running_dd_base_uvix_open_implied_rsi_fixed_entry_tolerance,2010-02-12,tqqq_open_running_drawdown_from_peak,54.5,69.5,56.1,6.699999999999999,62.8,0.5863415272681873,0.7287226333416309,-0.6414860442747048,1720.958578899216,91,761,0.18702383878102727,4069,uvix_ohlc_series_cto_otc,gspc_open_implied_rsi14,base alpha=54.5 running drawdown; uvix entry fixed 69.5; optimize exit<=68.5
prev_close_sma_same_open_running_dd_base_uvix_open_implied_rsi_fixed_entry_tolerance,2010-02-12,tqqq_open_running_drawdown_from_peak,54.5,69.5,55.5,7.0,62.5,0.5851136852014336,0.7296757220096375,-0.6453562984851917,1699.5760322231922,91,775,0.19046448758908824,4069,uvix_ohlc_series_cto_otc,gspc_open_implied_rsi14,base alpha=54.5 running drawdown; uvix entry fixed 69.5; optimize exit<=68.5
prev_close_sma_same_open_running_dd_base_uvix_open_implied_rsi_fixed_entry_tolerance,2010-02-12,tqqq_open_running_drawdown_from_peak,54.5,69.5,57.2,6.149999999999999,63.35,0.5808459954550798,0.7068953514586525,-0.6715315891085822,1627.177963010058,93,696,0.1710493978864586,4069,uvix_ohlc_series_cto_otc,gspc_open_implied_rsi14,base alpha=54.5 running drawdown; uvix entry fixed 69.5; optimize exit<=68.5
prev_close_sma_same_open_running_dd_base_uvix_open_implied_rsi_fixed_entry_tolerance,2010-02-12,tqqq_open_running_drawdown_from_peak,54.5,69.5,57.3,6.100000000000001,63.4,0.5808459954550798,0.7068953514586525,-0.6715315891085822,1627.177963010058,93,696,0.1710493978864586,4069,uvix_ohlc_series_cto_otc,gspc_open_implied_rsi14,base alpha=54.5 running drawdown; uvix entry fixed 69.5; optimize exit<=68.5
prev_close_sma_same_open_running_dd_base_uvix_open_implied_rsi_fixed_entry_tolerance,2010-02-12,tqqq_open_running_drawdown_from_peak,54.5,69.5,54.1,7.699999999999999,61.8,0.5774518771981736,0.7384955297234785,-0.6414860442747048,1571.6755375248435,91,828,0.20348980093389038,4069,uvix_ohlc_series_cto_otc,gspc_open_implied_rsi14,base alpha=54.5 running drawdown; uvix entry fixed 69.5; optimize exit<=68.5
prev_close_sma_same_open_running_dd_base_uvix_open_implied_rsi_fixed_entry_tolerance,2010-02-12,tqqq_open_running_drawdown_from_peak,54.5,69.5,52.9,8.3,61.2,0.5746260431759502,0.7437405428973546,-0.6807811677641542,1526.8259609050097,87,863,0.21209142295404276,4069,uvix_ohlc_series_cto_otc,gspc_open_implied_rsi14,base alpha=54.5 running drawdown; uvix entry fixed 69.5; optimize exit<=68.5
prev_close_sma_same_open_running_dd_base_uvix_open_implied_rsi_fixed_entry_tolerance,2010-02-12,tqqq_open_running_drawdown_from_peak,54.5,69.5,54.9,7.300000000000001,62.2,0.5691538705589343,0.7343145947622408,-0.6453562984851917,1443.3683833541702,91,797,0.19587122143032687,4069,uvix_ohlc_series_cto_otc,gspc_open_implied_rsi14,base alpha=54.5 running drawdown; uvix entry fixed 69.5; optimize exit<=68.5
prev_close_sma_same_open_running_dd_base_uvix_open_implied_rsi_fixed_entry_tolerance,2010-02-12,tqqq_open_running_drawdown_from_peak,54.5,69.5,56.2,6.649999999999999,62.85,0.5683288399689943,0.7282420550762673,-0.6414860442747048,1431.1633109308004,91,760,0.18677807815188008,4069,uvix_ohlc_series_cto_otc,gspc_open_implied_rsi14,base alpha=54.5 running drawdown; uvix entry fixed 69.5; optimize exit<=68.5
prev_close_sma_same_open_running_dd_base_uvix_open_implied_rsi_fixed_entry_tolerance,2010-02-12,tqqq_open_running_drawdown_from_peak,54.5,69.5,53.6,7.949999999999999,61.55,0.5680597617637573,0.7401684598764692,-0.6807811677641552,1427.2036908573132,89,842,0.20693044974195135,4069,uvix_ohlc_series_cto_otc,gspc_open_implied_rsi14,base alpha=54.5 running drawdown; uvix entry fixed 69.5; optimize exit<=68.5
prev_close_sma_same_open_running_dd_base_uvix_open_implied_rsi_fixed_entry_tolerance,2010-02-12,tqqq_open_running_drawdown_from_peak,54.5,69.5,53.7,7.899999999999999,61.6,0.5680597617637573,0.7401684598764692,-0.6807811677641552,1427.2036908573132,89,842,0.20693044974195135,4069,uvix_ohlc_series_cto_otc,gspc_open_implied_rsi14,base alpha=54.5 running drawdown; uvix entry fixed 69.5; optimize exit<=68.5
prev_close_sma_same_open_running_dd_base_uvix_open_implied_rsi_fixed_entry_tolerance,2010-02-12,tqqq_open_running_drawdown_from_peak,54.5,69.5,53.4,8.05,61.45,0.566343315141945,0.7401475309174834,-0.6807811677641552,1402.1861783456993,89,844,0.20742197100024576,4069,uvix_ohlc_series_cto_otc,gspc_open_implied_rsi14,base alpha=54.5 running drawdown; uvix entry fixed 69.5; optimize exit<=68.5
prev_close_sma_same_open_running_dd_base_uvix_open_implied_rsi_fixed_entry_tolerance,2010-02-12,tqqq_open_running_drawdown_from_peak,54.5,69.5,53.5,8.0,61.5,0.566343315141945,0.7401475309174834,-0.6807811677641552,1402.1861783456993,89,844,0.20742197100024576,4069,uvix_ohlc_series_cto_otc,gspc_open_implied_rsi14,base alpha=54.5 running drawdown; uvix entry fixed 69.5; optimize exit<=68.5
prev_close_sma_same_open_running_dd_base_uvix_open_implied_rsi_fixed_entry_tolerance,2010-02-12,tqqq_open_running_drawdown_from_peak,54.5,69.5,54.2,7.649999999999999,61.85,0.5633518761035066,0.7379135333047305,-0.6453562984851917,1359.5659654016513,91,825,0.20275251904644875,4069,uvix_ohlc_series_cto_otc,gspc_open_implied_rsi14,base alpha=54.5 running drawdown; uvix entry fixed 69.5; optimize exit<=68.5
prev_close_sma_same_open_running_dd_base_uvix_open_implied_rsi_fixed_entry_tolerance,2010-02-12,tqqq_open_running_drawdown_from_peak,54.5,69.5,54.3,7.600000000000001,61.9,0.5633518761035066,0.7379135333047305,-0.6453562984851917,1359.5659654016513,91,825,0.20275251904644875,4069,uvix_ohlc_series_cto_otc,gspc_open_implied_rsi14,base alpha=54.5 running drawdown; uvix entry fixed 69.5; optimize exit<=68.5
prev_close_sma_same_open_running_dd_base_uvix_open_implied_rsi_fixed_entry_tolerance,2010-02-12,tqqq_open_running_drawdown_from_peak,54.5,69.5,54.4,7.550000000000001,61.95,0.5633518761035066,0.7379135333047305,-0.6453562984851917,1359.5659654016513,91,825,0.20275251904644875,4069,uvix_ohlc_series_cto_otc,gspc_open_implied_rsi14,base alpha=54.5 running drawdown; uvix entry fixed 69.5; optimize exit<=68.5
prev_close_sma_same_open_running_dd_base_uvix_open_implied_rsi_fixed_entry_tolerance,2010-02-12,tqqq_open_running_drawdown_from_peak,54.5,69.5,54.5,7.5,62.0,0.563347624050651,0.7376666320401281,-0.6453562984851917,1359.506259068112,91,824,0.20250675841730154,4069,uvix_ohlc_series_cto_otc,gspc_open_implied_rsi14,base alpha=54.5 running drawdown; uvix entry fixed 69.5; optimize exit<=68.5
prev_close_sma_same_open_running_dd_base_uvix_open_implied_rsi_fixed_entry_tolerance,2010-02-12,tqqq_open_running_drawdown_from_peak,54.5,69.5,53.8,7.850000000000001,61.65,0.5564667143233735,0.7399291881741097,-0.680781167764154,1266.0428612141131,89,841,0.20668468911280413,4069,uvix_ohlc_series_cto_otc,gspc_open_implied_rsi14,base alpha=54.5 running drawdown; uvix entry fixed 69.5; optimize exit<=68.5
prev_close_sma_same_open_running_dd_base_uvix_open_implied_rsi_fixed_entry_tolerance,2010-02-12,tqqq_open_running_drawdown_from_peak,54.5,69.5,52.7,8.399999999999999,61.1,0.5474873256275297,0.7438476153673682,-0.7163370279356834,1153.1231355514524,85,871,0.21405750798722045,4069,uvix_ohlc_series_cto_otc,gspc_open_implied_rsi14,base alpha=54.5 running drawdown; uvix entry fixed 69.5; optimize exit<=68.5
prev_close_sma_same_open_running_dd_base_uvix_open_implied_rsi_fixed_entry_tolerance,2010-02-12,tqqq_open_running_drawdown_from_peak,54.5,69.5,52.8,8.350000000000001,61.15,0.5474873256275297,0.7438476153673682,-0.7163370279356834,1153.1231355514524,85,871,0.21405750798722045,4069,uvix_ohlc_series_cto_otc,gspc_open_implied_rsi14,base alpha=54.5 running drawdown; uvix entry fixed 69.5; optimize exit<=68.5
prev_close_sma_same_open_running_dd_base_uvix_open_implied_rsi_fixed_entry_tolerance,2010-02-12,tqqq_open_running_drawdown_from_peak,54.5,69.5,52.4,8.55,60.95,0.5430929504030939,0.7475509646407585,-0.716337027935684,1101.372270956918,85,879,0.21602359302039814,4069,uvix_ohlc_series_cto_otc,gspc_open_implied_rsi14,base alpha=54.5 running drawdown; uvix entry fixed 69.5; optimize exit<=68.5
prev_close_sma_same_open_running_dd_base_uvix_open_implied_rsi_fixed_entry_tolerance,2010-02-12,tqqq_open_running_drawdown_from_peak,54.5,69.5,52.5,8.5,61.0,0.5379648554334615,0.7463113683422016,-0.716337027935684,1043.7369605864815,85,878,0.21577783239125092,4069,uvix_ohlc_series_cto_otc,gspc_open_implied_rsi14,base alpha=54.5 running drawdown; uvix entry fixed 69.5; optimize exit<=68.5
prev_close_sma_same_open_running_dd_base_uvix_open_implied_rsi_fixed_entry_tolerance,2010-02-12,tqqq_open_running_drawdown_from_peak,54.5,69.5,52.6,8.45,61.05,0.536909156291471,0.7461335320046227,-0.7163370279356842,1032.228540882336,85,877,0.2155320717621037,4069,uvix_ohlc_series_cto_otc,gspc_open_implied_rsi14,base alpha=54.5 running drawdown; uvix entry fixed 69.5; optimize exit<=68.5
prev_close_sma_same_open_running_dd_base_uvix_open_implied_rsi_fixed_entry_tolerance,2010-02-12,tqqq_open_running_drawdown_from_peak,54.5,69.5,53.9,7.800000000000001,61.7,0.5285537821506654,0.7393925886237693,-0.6807811677641553,945.254327022377,89,840,0.2064389284836569,4069,uvix_ohlc_series_cto_otc,gspc_open_implied_rsi14,base alpha=54.5 running drawdown; uvix entry fixed 69.5; optimize exit<=68.5
prev_close_sma_same_open_running_dd_base_uvix_open_implied_rsi_fixed_entry_tolerance,2010-02-12,tqqq_open_running_drawdown_from_peak,54.5,69.5,54.0,7.75,61.75,0.5285537821506654,0.7393925886237693,-0.6807811677641553,945.254327022377,89,840,0.2064389284836569,4069,uvix_ohlc_series_cto_otc,gspc_open_implied_rsi14,base alpha=54.5 running drawdown; uvix entry fixed 69.5; optimize exit<=68.5
prev_close_sma_same_open_running_dd_base_uvix_open_implied_rsi_fixed_entry_tolerance,2010-02-12,tqqq_open_running_drawdown_from_peak,54.5,69.5,47.9,10.8,58.7,0.5212375436211083,0.7971520758684665,-0.7867290860071016,874.7898064592079,73,1040,0.25559105431309903,4069,uvix_ohlc_series_cto_otc,gspc_open_implied_rsi14,base alpha=54.5 running drawdown; uvix entry fixed 69.5; optimize exit<=68.5
prev_close_sma_same_open_running_dd_base_uvix_open_implied_rsi_fixed_entry_tolerance,2010-02-12,tqqq_open_running_drawdown_from_peak,54.5,69.5,52.3,8.600000000000001,60.9,0.5072972798791502,0.7482711688364673,-0.7338209165450551,753.9573389753034,83,889,0.21848119931187024,4069,uvix_ohlc_series_cto_otc,gspc_open_implied_rsi14,base alpha=54.5 running drawdown; uvix entry fixed 69.5; optimize exit<=68.5
prev_close_sma_same_open_running_dd_base_uvix_open_implied_rsi_fixed_entry_tolerance,2010-02-12,tqqq_open_running_drawdown_from_peak,54.5,69.5,48.0,10.75,58.75,0.5058152687989788,0.7922581262265709,-0.7867290860071011,742.0762704630724,73,1033,0.25387072990906856,4069,uvix_ohlc_series_cto_otc,gspc_open_implied_rsi14,base alpha=54.5 running drawdown; uvix entry fixed 69.5; optimize exit<=68.5
prev_close_sma_same_open_running_dd_base_uvix_open_implied_rsi_fixed_entry_tolerance,2010-02-12,tqqq_open_running_drawdown_from_peak,54.5,69.5,48.1,10.7,58.8,0.5058152687989788,0.7922581262265709,-0.7867290860071011,742.0762704630724,73,1033,0.25387072990906856,4069,uvix_ohlc_series_cto_otc,gspc_open_implied_rsi14,base alpha=54.5 running drawdown; uvix entry fixed 69.5; optimize exit<=68.5
prev_close_sma_same_open_running_dd_base_uvix_open_implied_rsi_fixed_entry_tolerance,2010-02-12,tqqq_open_running_drawdown_from_peak,54.5,69.5,48.2,10.649999999999999,58.85,0.5058152687989788,0.7922581262265709,-0.7867290860071011,742.0762704630724,73,1033,0.25387072990906856,4069,uvix_ohlc_series_cto_otc,gspc_open_implied_rsi14,base alpha=54.5 running drawdown; uvix entry fixed 69.5; optimize exit<=68.5
prev_close_sma_same_open_running_dd_base_uvix_open_implied_rsi_fixed_entry_tolerance,2010-02-12,tqqq_open_running_drawdown_from_peak,54.5,69.5,48.3,10.600000000000001,58.9,0.48467538228186635,0.7924345573631133,-0.7867290860071011,590.6143348748645,73,1032,0.25362496927992134,4069,uvix_ohlc_series_cto_otc,gspc_open_implied_rsi14,base alpha=54.5 running drawdown; uvix entry fixed 69.5; optimize exit<=68.5
prev_close_sma_same_open_running_dd_base_uvix_open_implied_rsi_fixed_entry_tolerance,2010-02-12,tqqq_open_running_drawdown_from_peak,54.5,69.5,48.4,10.55,58.95,0.48467538228186635,0.7924345573631133,-0.7867290860071011,590.6143348748645,73,1032,0.25362496927992134,4069,uvix_ohlc_series_cto_otc,gspc_open_implied_rsi14,base alpha=54.5 running drawdown; uvix entry fixed 69.5; optimize exit<=68.5
prev_close_sma_same_open_running_dd_base_uvix_open_implied_rsi_fixed_entry_tolerance,2010-02-12,tqqq_open_running_drawdown_from_peak,54.5,69.5,48.5,10.5,59.0,0.476486785404566,0.7922788230569748,-0.7867290860071015,540.1572727771463,73,1031,0.2533792086507741,4069,uvix_ohlc_series_cto_otc,gspc_open_implied_rsi14,base alpha=54.5 running drawdown; uvix entry fixed 69.5; optimize exit<=68.5
prev_close_sma_same_open_running_dd_base_uvix_open_implied_rsi_fixed_entry_tolerance,2010-02-12,tqqq_open_running_drawdown_from_peak,54.5,69.5,48.6,10.45,59.05,0.4756268505000245,0.7922797731384646,-0.7867290860071016,535.0998554112069,73,1030,0.25313344802162696,4069,uvix_ohlc_series_cto_otc,gspc_open_implied_rsi14,base alpha=54.5 running drawdown; uvix entry fixed 69.5; optimize exit<=68.5
prev_close_sma_same_open_running_dd_base_uvix_open_implied_rsi_fixed_entry_tolerance,2010-02-12,tqqq_open_running_drawdown_from_peak,54.5,69.5,47.8,10.850000000000001,58.65,0.4717434165791279,0.798728192015572,-0.7867290860071012,512.8090060020065,71,1064,0.2614893094126321,4069,uvix_ohlc_series_cto_otc,gspc_open_implied_rsi14,base alpha=54.5 running drawdown; uvix entry fixed 69.5; optimize exit<=68.5
prev_close_sma_same_open_running_dd_base_uvix_open_implied_rsi_fixed_entry_tolerance,2010-02-12,tqqq_open_running_drawdown_from_peak,54.5,69.5,48.7,10.399999999999999,59.1,0.4624672747454477,0.7910829047070285,-0.7867290860071015,463.0387624854667,73,1029,0.25288768739247974,4069,uvix_ohlc_series_cto_otc,gspc_open_implied_rsi14,base alpha=54.5 running drawdown; uvix entry fixed 69.5; optimize exit<=68.5
prev_close_sma_same_open_running_dd_base_uvix_open_implied_rsi_fixed_entry_tolerance,2010-02-12,tqqq_open_running_drawdown_from_peak,54.5,69.5,47.2,11.149999999999999,58.35,0.46014726788121374,0.8005185254725032,-0.7867290860071012,451.3195719673367,69,1076,0.2644384369623986,4069,uvix_ohlc_series_cto_otc,gspc_open_implied_rsi14,base alpha=54.5 running drawdown; uvix entry fixed 69.5; optimize exit<=68.5
prev_close_sma_same_open_running_dd_base_uvix_open_implied_rsi_fixed_entry_tolerance,2010-02-12,tqqq_open_running_drawdown_from_peak,54.5,69.5,47.3,11.100000000000001,58.4,0.46014726788121374,0.8005185254725032,-0.7867290860071012,451.3195719673367,69,1076,0.2644384369623986,4069,uvix_ohlc_series_cto_otc,gspc_open_implied_rsi14,base alpha=54.5 running drawdown; uvix entry fixed 69.5; optimize exit<=68.5
prev_close_sma_same_open_running_dd_base_uvix_open_implied_rsi_fixed_entry_tolerance,2010-02-12,tqqq_open_running_drawdown_from_peak,54.5,69.5,47.1,11.2,58.3,0.45882522512640667,0.8005101628178162,-0.7867290860071012,444.76650413190504,69,1077,0.2646841975915458,4069,uvix_ohlc_series_cto_otc,gspc_open_implied_rsi14,base alpha=54.5 running drawdown; uvix entry fixed 69.5; optimize exit<=68.5
prev_close_sma_same_open_running_dd_base_uvix_open_implied_rsi_fixed_entry_tolerance,2010-02-12,tqqq_open_running_drawdown_from_peak,54.5,69.5,51.7,8.899999999999999,60.6,0.4574938582130015,0.7514366020809197,-0.7338209165450554,438.2575000644975,81,917,0.22536249692799212,4069,uvix_ohlc_series_cto_otc,gspc_open_implied_rsi14,base alpha=54.5 running drawdown; uvix entry fixed 69.5; optimize exit<=68.5
prev_close_sma_same_open_running_dd_base_uvix_open_implied_rsi_fixed_entry_tolerance,2010-02-12,tqqq_open_running_drawdown_from_peak,54.5,69.5,48.8,10.350000000000001,59.15,0.45580357022910256,0.7907120246679185,-0.7867290860071012,430.1224513217108,73,1026,0.2521504055050381,4069,uvix_ohlc_series_cto_otc,gspc_open_implied_rsi14,base alpha=54.5 running drawdown; uvix entry fixed 69.5; optimize exit<=68.5
prev_close_sma_same_open_running_dd_base_uvix_open_implied_rsi_fixed_entry_tolerance,2010-02-12,tqqq_open_running_drawdown_from_peak,54.5,69.5,51.8,8.850000000000001,60.65,0.4479128660618079,0.751921830460035,-0.7338209165450554,393.9851987608346,81,916,0.22511673629884493,4069,uvix_ohlc_series_cto_otc,gspc_open_implied_rsi14,base alpha=54.5 running drawdown; uvix entry fixed 69.5; optimize exit<=68.5
prev_close_sma_same_open_running_dd_base_uvix_open_implied_rsi_fixed_entry_tolerance,2010-02-12,tqqq_open_running_drawdown_from_peak,54.5,69.5,51.9,8.8,60.7,0.4479128660618079,0.751921830460035,-0.7338209165450554,393.9851987608346,81,916,0.22511673629884493,4069,uvix_ohlc_series_cto_otc,gspc_open_implied_rsi14,base alpha=54.5 running drawdown; uvix entry fixed 69.5; optimize exit<=68.5
prev_close_sma_same_open_running_dd_base_uvix_open_implied_rsi_fixed_entry_tolerance,2010-02-12,tqqq_open_running_drawdown_from_peak,54.5,69.5,52.0,8.75,60.75,0.4479128660618079,0.751921830460035,-0.7338209165450554,393.9851987608346,81,916,0.22511673629884493,4069,uvix_ohlc_series_cto_otc,gspc_open_implied_rsi14,base alpha=54.5 running drawdown; uvix entry fixed 69.5; optimize exit<=68.5
prev_close_sma_same_open_running_dd_base_uvix_open_implied_rsi_fixed_entry_tolerance,2010-02-12,tqqq_open_running_drawdown_from_peak,54.5,69.5,52.1,8.7,60.8,0.4479128660618079,0.751921830460035,-0.7338209165450554,393.9851987608346,81,916,0.22511673629884493,4069,uvix_ohlc_series_cto_otc,gspc_open_implied_rsi14,base alpha=54.5 running drawdown; uvix entry fixed 69.5; optimize exit<=68.5
prev_close_sma_same_open_running_dd_base_uvix_open_implied_rsi_fixed_entry_tolerance,2010-02-12,tqqq_open_running_drawdown_from_peak,54.5,69.5,52.2,8.649999999999999,60.85,0.4479128660618079,0.751921830460035,-0.7338209165450554,393.9851987608346,81,916,0.22511673629884493,4069,uvix_ohlc_series_cto_otc,gspc_open_implied_rsi14,base alpha=54.5 running drawdown; uvix entry fixed 69.5; optimize exit<=68.5
prev_close_sma_same_open_running_dd_base_uvix_open_implied_rsi_fixed_entry_tolerance,2010-02-12,tqqq_open_running_drawdown_from_peak,54.5,69.5,46.7,11.399999999999999,58.1,0.44776820439732656,0.8029918517312017,-0.7867290860071005,393.35008795490234,67,1088,0.26738756451216517,4069,uvix_ohlc_series_cto_otc,gspc_open_implied_rsi14,base alpha=54.5 running drawdown; uvix entry fixed 69.5; optimize exit<=68.5
prev_close_sma_same_open_running_dd_base_uvix_open_implied_rsi_fixed_entry_tolerance,2010-02-12,tqqq_open_running_drawdown_from_peak,54.5,69.5,46.8,11.350000000000001,58.15,0.44776820439732656,0.8029918517312017,-0.7867290860071005,393.35008795490234,67,1088,0.26738756451216517,4069,uvix_ohlc_series_cto_otc,gspc_open_implied_rsi14,base alpha=54.5 running drawdown; uvix entry fixed 69.5; optimize exit<=68.5
prev_close_sma_same_open_running_dd_base_uvix_open_implied_rsi_fixed_entry_tolerance,2010-02-12,tqqq_open_running_drawdown_from_peak,54.5,69.5,46.9,11.3,58.2,0.4413962821895676,0.8022864680280671,-0.7867290860071013,366.3091745096974,67,1086,0.26689604325387073,4069,uvix_ohlc_series_cto_otc,gspc_open_implied_rsi14,base alpha=54.5 running drawdown; uvix entry fixed 69.5; optimize exit<=68.5
prev_close_sma_same_open_running_dd_base_uvix_open_implied_rsi_fixed_entry_tolerance,2010-02-12,tqqq_open_running_drawdown_from_peak,54.5,69.5,47.4,11.05,58.45,0.4314760128724371,0.8017845111535596,-0.7867290860071012,327.65610050077584,69,1075,0.2641926763332514,4069,uvix_ohlc_series_cto_otc,gspc_open_implied_rsi14,base alpha=54.5 running drawdown; uvix entry fixed 69.5; optimize exit<=68.5
prev_close_sma_same_open_running_dd_base_uvix_open_implied_rsi_fixed_entry_tolerance,2010-02-12,tqqq_open_running_drawdown_from_peak,54.5,69.5,47.5,11.0,58.5,0.4314760128724371,0.8017845111535596,-0.7867290860071012,327.65610050077584,69,1075,0.2641926763332514,4069,uvix_ohlc_series_cto_otc,gspc_open_implied_rsi14,base alpha=54.5 running drawdown; uvix entry fixed 69.5; optimize exit<=68.5
prev_close_sma_same_open_running_dd_base_uvix_open_implied_rsi_fixed_entry_tolerance,2010-02-12,tqqq_open_running_drawdown_from_peak,54.5,69.5,47.6,10.95,58.55,0.4314760128724371,0.8017845111535596,-0.7867290860071012,327.65610050077584,69,1075,0.2641926763332514,4069,uvix_ohlc_series_cto_otc,gspc_open_implied_rsi14,base alpha=54.5 running drawdown; uvix entry fixed 69.5; optimize exit<=68.5
prev_close_sma_same_open_running_dd_base_uvix_open_implied_rsi_fixed_entry_tolerance,2010-02-12,tqqq_open_running_drawdown_from_peak,54.5,69.5,47.7,10.899999999999999,58.6,0.4314760128724371,0.8017845111535596,-0.7867290860071012,327.65610050077584,69,1075,0.2641926763332514,4069,uvix_ohlc_series_cto_otc,gspc_open_implied_rsi14,base alpha=54.5 running drawdown; uvix entry fixed 69.5; optimize exit<=68.5
prev_close_sma_same_open_running_dd_base_uvix_open_implied_rsi_fixed_entry_tolerance,2010-02-12,tqqq_open_running_drawdown_from_peak,54.5,69.5,51.4,9.05,60.45,0.42790120645003227,0.7523364769517096,-0.7338209165450555,314.6909021108837,79,937,0.23027770951093635,4069,uvix_ohlc_series_cto_otc,gspc_open_implied_rsi14,base alpha=54.5 running drawdown; uvix entry fixed 69.5; optimize exit<=68.5
prev_close_sma_same_open_running_dd_base_uvix_open_implied_rsi_fixed_entry_tolerance,2010-02-12,tqqq_open_running_drawdown_from_peak,54.5,69.5,51.5,9.0,60.5,0.42790120645003227,0.7523364769517096,-0.7338209165450555,314.6909021108837,79,937,0.23027770951093635,4069,uvix_ohlc_series_cto_otc,gspc_open_implied_rsi14,base alpha=54.5 running drawdown; uvix entry fixed 69.5; optimize exit<=68.5
prev_close_sma_same_open_running_dd_base_uvix_open_implied_rsi_fixed_entry_tolerance,2010-02-12,tqqq_open_running_drawdown_from_peak,54.5,69.5,51.6,8.95,60.55,0.42790120645003227,0.7523364769517096,-0.7338209165450555,314.6909021108837,79,937,0.23027770951093635,4069,uvix_ohlc_series_cto_otc,gspc_open_implied_rsi14,base alpha=54.5 running drawdown; uvix entry fixed 69.5; optimize exit<=68.5
prev_close_sma_same_open_running_dd_base_uvix_open_implied_rsi_fixed_entry_tolerance,2010-02-12,tqqq_open_running_drawdown_from_peak,54.5,69.5,48.9,10.3,59.2,0.4270248024894794,0.7822993791807745,-0.7867290860071012,311.58662908447,73,1024,0.25165888424674365,4069,uvix_ohlc_series_cto_otc,gspc_open_implied_rsi14,base alpha=54.5 running drawdown; uvix entry fixed 69.5; optimize exit<=68.5
prev_close_sma_same_open_running_dd_base_uvix_open_implied_rsi_fixed_entry_tolerance,2010-02-12,tqqq_open_running_drawdown_from_peak,54.5,69.5,49.0,10.25,59.25,0.4270248024894794,0.7822993791807745,-0.7867290860071012,311.58662908447,73,1024,0.25165888424674365,4069,uvix_ohlc_series_cto_otc,gspc_open_implied_rsi14,base alpha=54.5 running drawdown; uvix entry fixed 69.5; optimize exit<=68.5
prev_close_sma_same_open_running_dd_base_uvix_open_implied_rsi_fixed_entry_tolerance,2010-02-12,tqqq_open_running_drawdown_from_peak,54.5,69.5,47.0,11.25,58.25,0.42669600935398133,0.8014940089050574,-0.7867290860071016,310.42945280517347,67,1085,0.2666502826247235,4069,uvix_ohlc_series_cto_otc,gspc_open_implied_rsi14,base alpha=54.5 running drawdown; uvix entry fixed 69.5; optimize exit<=68.5
prev_close_sma_same_open_running_dd_base_uvix_open_implied_rsi_fixed_entry_tolerance,2010-02-12,tqqq_open_running_drawdown_from_peak,54.5,69.5,51.0,9.25,60.25,0.42224366309870986,0.7562131407349376,-0.786729086007101,295.15122359873266,77,956,0.23494716146473335,4069,uvix_ohlc_series_cto_otc,gspc_open_implied_rsi14,base alpha=54.5 running drawdown; uvix entry fixed 69.5; optimize exit<=68.5
prev_close_sma_same_open_running_dd_base_uvix_open_implied_rsi_fixed_entry_tolerance,2010-02-12,tqqq_open_running_drawdown_from_peak,54.5,69.5,50.9,9.3,60.2,0.4195648752754162,0.7554424014134388,-0.786729086007101,286.30186236214763,77,959,0.23568444335217498,4069,uvix_ohlc_series_cto_otc,gspc_open_implied_rsi14,base alpha=54.5 running drawdown; uvix entry fixed 69.5; optimize exit<=68.5
prev_close_sma_same_open_running_dd_base_uvix_open_implied_rsi_fixed_entry_tolerance,2010-02-12,tqqq_open_running_drawdown_from_peak,54.5,69.5,51.2,9.149999999999999,60.35,0.41293354951308436,0.7559918429294974,-0.8193311092880429,265.4541271473807,77,948,0.23298107643155566,4069,uvix_ohlc_series_cto_otc,gspc_open_implied_rsi14,base alpha=54.5 running drawdown; uvix entry fixed 69.5; optimize exit<=68.5
prev_close_sma_same_open_running_dd_base_uvix_open_implied_rsi_fixed_entry_tolerance,2010-02-12,tqqq_open_running_drawdown_from_peak,54.5,69.5,51.1,9.2,60.3,0.40770592395124416,0.7562845818138229,-0.8193311092880425,250.03242665165033,77,955,0.23470140083558613,4069,uvix_ohlc_series_cto_otc,gspc_open_implied_rsi14,base alpha=54.5 running drawdown; uvix entry fixed 69.5; optimize exit<=68.5
prev_close_sma_same_open_running_dd_base_uvix_open_implied_rsi_fixed_entry_tolerance,2010-02-12,tqqq_open_running_drawdown_from_peak,54.5,69.5,49.7,9.899999999999999,59.6,0.4034680602816614,0.7692704525774013,-0.7867290860071011,238.1516566673981,75,1001,0.24600638977635783,4069,uvix_ohlc_series_cto_otc,gspc_open_implied_rsi14,base alpha=54.5 running drawdown; uvix entry fixed 69.5; optimize exit<=68.5
prev_close_sma_same_open_running_dd_base_uvix_open_implied_rsi_fixed_entry_tolerance,2010-02-12,tqqq_open_running_drawdown_from_peak,54.5,69.5,49.8,9.850000000000001,59.65,0.4034680602816614,0.7692704525774013,-0.7867290860071011,238.1516566673981,75,1001,0.24600638977635783,4069,uvix_ohlc_series_cto_otc,gspc_open_implied_rsi14,base alpha=54.5 running drawdown; uvix entry fixed 69.5; optimize exit<=68.5
prev_close_sma_same_open_running_dd_base_uvix_open_implied_rsi_fixed_entry_tolerance,2010-02-12,tqqq_open_running_drawdown_from_peak,54.5,69.5,49.9,9.8,59.7,0.4034680602816614,0.7692704525774013,-0.7867290860071011,238.1516566673981,75,1001,0.24600638977635783,4069,uvix_ohlc_series_cto_otc,gspc_open_implied_rsi14,base alpha=54.5 running drawdown; uvix entry fixed 69.5; optimize exit<=68.5
prev_close_sma_same_open_running_dd_base_uvix_open_implied_rsi_fixed_entry_tolerance,2010-02-12,tqqq_open_running_drawdown_from_peak,54.5,69.5,50.3,9.600000000000001,59.9,0.4000592168084318,0.759326538583761,-0.7867290860071012,228.9815459790725,75,989,0.2430572622265913,4069,uvix_ohlc_series_cto_otc,gspc_open_implied_rsi14,base alpha=54.5 running drawdown; uvix entry fixed 69.5; optimize exit<=68.5
prev_close_sma_same_open_running_dd_base_uvix_open_implied_rsi_fixed_entry_tolerance,2010-02-12,tqqq_open_running_drawdown_from_peak,54.5,69.5,49.3,10.100000000000001,59.4,0.39574826395714635,0.7765205863374516,-0.7867290860071015,217.85869653388554,73,1014,0.24920127795527156,4069,uvix_ohlc_series_cto_otc,gspc_open_implied_rsi14,base alpha=54.5 running drawdown; uvix entry fixed 69.5; optimize exit<=68.5
prev_close_sma_same_open_running_dd_base_uvix_open_implied_rsi_fixed_entry_tolerance,2010-02-12,tqqq_open_running_drawdown_from_peak,54.5,69.5,49.4,10.05,59.45,0.39574826395714635,0.7765205863374516,-0.7867290860071015,217.85869653388554,73,1014,0.24920127795527156,4069,uvix_ohlc_series_cto_otc,gspc_open_implied_rsi14,base alpha=54.5 running drawdown; uvix entry fixed 69.5; optimize exit<=68.5
prev_close_sma_same_open_running_dd_base_uvix_open_implied_rsi_fixed_entry_tolerance,2010-02-12,tqqq_open_running_drawdown_from_peak,54.5,69.5,50.1,9.7,59.8,0.3941036189394713,0.7614484588946194,-0.7867290860071012,213.75045700646803,75,995,0.24453182600147455,4069,uvix_ohlc_series_cto_otc,gspc_open_implied_rsi14,base alpha=54.5 running drawdown; uvix entry fixed 69.5; optimize exit<=68.5
prev_close_sma_same_open_running_dd_base_uvix_open_implied_rsi_fixed_entry_tolerance,2010-02-12,tqqq_open_running_drawdown_from_peak,54.5,69.5,50.2,9.649999999999999,59.85,0.3941036189394713,0.7614484588946194,-0.7867290860071012,213.75045700646803,75,995,0.24453182600147455,4069,uvix_ohlc_series_cto_otc,gspc_open_implied_rsi14,base alpha=54.5 running drawdown; uvix entry fixed 69.5; optimize exit<=68.5
prev_close_sma_same_open_running_dd_base_uvix_open_implied_rsi_fixed_entry_tolerance,2010-02-12,tqqq_open_running_drawdown_from_peak,54.5,69.5,51.3,9.100000000000001,60.4,0.3940413130308933,0.753101315991749,-0.8193311092880429,213.5962580663928,77,946,0.23248955517326125,4069,uvix_ohlc_series_cto_otc,gspc_open_implied_rsi14,base alpha=54.5 running drawdown; uvix entry fixed 69.5; optimize exit<=68.5
prev_close_sma_same_open_running_dd_base_uvix_open_implied_rsi_fixed_entry_tolerance,2010-02-12,tqqq_open_running_drawdown_from_peak,54.5,69.5,50.7,9.399999999999999,60.1,0.3920081775660287,0.7563944611829154,-0.7867290860071017,208.62139644621803,75,971,0.2386335709019415,4069,uvix_ohlc_series_cto_otc,gspc_open_implied_rsi14,base alpha=54.5 running drawdown; uvix entry fixed 69.5; optimize exit<=68.5
prev_close_sma_same_open_running_dd_base_uvix_open_implied_rsi_fixed_entry_tolerance,2010-02-12,tqqq_open_running_drawdown_from_peak,54.5,69.5,50.4,9.55,59.95,0.3907010045581869,0.7563917741511347,-0.7867290860071011,205.48051647843315,75,976,0.23986237404767757,4069,uvix_ohlc_series_cto_otc,gspc_open_implied_rsi14,base alpha=54.5 running drawdown; uvix entry fixed 69.5; optimize exit<=68.5
prev_close_sma_same_open_running_dd_base_uvix_open_implied_rsi_fixed_entry_tolerance,2010-02-12,tqqq_open_running_drawdown_from_peak,54.5,69.5,50.0,9.75,59.75,0.38779803903140264,0.7681811847983793,-0.7867290860071011,198.66319827598903,75,998,0.2452691078889162,4069,uvix_ohlc_series_cto_otc,gspc_open_implied_rsi14,base alpha=54.5 running drawdown; uvix entry fixed 69.5; optimize exit<=68.5
prev_close_sma_same_open_running_dd_base_uvix_open_implied_rsi_fixed_entry_tolerance,2010-02-12,tqqq_open_running_drawdown_from_peak,54.5,69.5,50.6,9.45,60.05,0.3870575147261637,0.7564230974851636,-0.7867290860071017,196.95843750786835,75,973,0.23912509216023592,4069,uvix_ohlc_series_cto_otc,gspc_open_implied_rsi14,base alpha=54.5 running drawdown; uvix entry fixed 69.5; optimize exit<=68.5
prev_close_sma_same_open_running_dd_base_uvix_open_implied_rsi_fixed_entry_tolerance,2010-02-12,tqqq_open_running_drawdown_from_peak,54.5,69.5,50.8,9.350000000000001,60.15,0.3853782417960112,0.755266645482019,-0.786729086007101,193.1432926903028,75,969,0.23814204964364707,4069,uvix_ohlc_series_cto_otc,gspc_open_implied_rsi14,base alpha=54.5 running drawdown; uvix entry fixed 69.5; optimize exit<=68.5
prev_close_sma_same_open_running_dd_base_uvix_open_implied_rsi_fixed_entry_tolerance,2010-02-12,tqqq_open_running_drawdown_from_peak,54.5,69.5,50.5,9.5,60.0,0.38406284961459014,0.7564598849033203,-0.7867290860071017,190.2033863360554,75,974,0.23937085278938314,4069,uvix_ohlc_series_cto_otc,gspc_open_implied_rsi14,base alpha=54.5 running drawdown; uvix entry fixed 69.5; optimize exit<=68.5
prev_close_sma_same_open_running_dd_base_uvix_open_implied_rsi_fixed_entry_tolerance,2010-02-12,tqqq_open_running_drawdown_from_peak,54.5,69.5,49.1,10.2,59.3,0.38337291895909065,0.7780474746601378,-0.7867290860071016,188.67822344222628,73,1018,0.2501843204718604,4069,uvix_ohlc_series_cto_otc,gspc_open_implied_rsi14,base alpha=54.5 running drawdown; uvix entry fixed 69.5; optimize exit<=68.5
prev_close_sma_same_open_running_dd_base_uvix_open_implied_rsi_fixed_entry_tolerance,2010-02-12,tqqq_open_running_drawdown_from_peak,54.5,69.5,49.2,10.149999999999999,59.35,0.38337291895909065,0.7780474746601378,-0.7867290860071016,188.67822344222628,73,1018,0.2501843204718604,4069,uvix_ohlc_series_cto_otc,gspc_open_implied_rsi14,base alpha=54.5 running drawdown; uvix entry fixed 69.5; optimize exit<=68.5
prev_close_sma_same_open_running_dd_base_uvix_open_implied_rsi_fixed_entry_tolerance,2010-02-12,tqqq_open_running_drawdown_from_peak,54.5,69.5,49.5,10.0,59.5,0.3732581507160617,0.77333802518965,-0.7867290860071015,167.59477905234775,73,1012,0.24870975669697715,4069,uvix_ohlc_series_cto_otc,gspc_open_implied_rsi14,base alpha=54.5 running drawdown; uvix entry fixed 69.5; optimize exit<=68.5
prev_close_sma_same_open_running_dd_base_uvix_open_implied_rsi_fixed_entry_tolerance,2010-02-12,tqqq_open_running_drawdown_from_peak,54.5,69.5,49.6,9.95,59.55,0.3732581507160617,0.77333802518965,-0.7867290860071015,167.59477905234775,73,1012,0.24870975669697715,4069,uvix_ohlc_series_cto_otc,gspc_open_implied_rsi14,base alpha=54.5 running drawdown; uvix entry fixed 69.5; optimize exit<=68.5
prev_close_sma_same_open_running_dd_base_uvix_open_implied_rsi_fixed_entry_tolerance,2010-02-12,tqqq_open_running_drawdown_from_peak,54.5,69.5,46.6,11.45,58.05,0.35289386659968125,0.8056101607773295,-0.7867290860071005,131.67171591223303,65,1118,0.2747603833865815,4069,uvix_ohlc_series_cto_otc,gspc_open_implied_rsi14,base alpha=54.5 running drawdown; uvix entry fixed 69.5; optimize exit<=68.5
prev_close_sma_same_open_running_dd_base_uvix_open_implied_rsi_fixed_entry_tolerance,2010-02-12,tqqq_open_running_drawdown_from_peak,54.5,69.5,46.3,11.600000000000001,57.9,0.32295654023475695,0.8055381125587457,-0.7867290860071005,91.74348214624357,65,1121,0.2754976652740231,4069,uvix_ohlc_series_cto_otc,gspc_open_implied_rsi14,base alpha=54.5 running drawdown; uvix entry fixed 69.5; optimize exit<=68.5
prev_close_sma_same_open_running_dd_base_uvix_open_implied_rsi_fixed_entry_tolerance,2010-02-12,tqqq_open_running_drawdown_from_peak,54.5,69.5,46.4,11.55,57.95,0.32295654023475695,0.8055381125587457,-0.7867290860071005,91.74348214624357,65,1121,0.2754976652740231,4069,uvix_ohlc_series_cto_otc,gspc_open_implied_rsi14,base alpha=54.5 running drawdown; uvix entry fixed 69.5; optimize exit<=68.5
prev_close_sma_same_open_running_dd_base_uvix_open_implied_rsi_fixed_entry_tolerance,2010-02-12,tqqq_open_running_drawdown_from_peak,54.5,69.5,46.5,11.5,58.0,0.32295654023475695,0.8055381125587457,-0.7867290860071005,91.74348214624357,65,1121,0.2754976652740231,4069,uvix_ohlc_series_cto_otc,gspc_open_implied_rsi14,base alpha=54.5 running drawdown; uvix entry fixed 69.5; optimize exit<=68.5
prev_close_sma_same_open_running_dd_base_uvix_open_implied_rsi_fixed_entry_tolerance,2010-02-12,tqqq_open_running_drawdown_from_peak,54.5,69.5,45.0,12.25,57.25,0.31831651929288585,0.817874292574793,-0.7867290860071013,86.68362097507296,63,1178,0.2895060211354141,4069,uvix_ohlc_series_cto_otc,gspc_open_implied_rsi14,base alpha=54.5 running drawdown; uvix entry fixed 69.5; optimize exit<=68.5
prev_close_sma_same_open_running_dd_base_uvix_open_implied_rsi_fixed_entry_tolerance,2010-02-12,tqqq_open_running_drawdown_from_peak,54.5,69.5,45.1,12.2,57.3,0.30943315008271477,0.817015109378574,-0.7867290860071013,77.71844637911893,63,1177,0.2892602605062669,4069,uvix_ohlc_series_cto_otc,gspc_open_implied_rsi14,base alpha=54.5 running drawdown; uvix entry fixed 69.5; optimize exit<=68.5
prev_close_sma_same_open_running_dd_base_uvix_open_implied_rsi_fixed_entry_tolerance,2010-02-12,tqqq_open_running_drawdown_from_peak,54.5,69.5,45.2,12.149999999999999,57.35,0.30943315008271477,0.817015109378574,-0.7867290860071013,77.71844637911893,63,1177,0.2892602605062669,4069,uvix_ohlc_series_cto_otc,gspc_open_implied_rsi14,base alpha=54.5 running drawdown; uvix entry fixed 69.5; optimize exit<=68.5
prev_close_sma_same_open_running_dd_base_uvix_open_implied_rsi_fixed_entry_tolerance,2010-02-12,tqqq_open_running_drawdown_from_peak,54.5,69.5,45.3,12.100000000000001,57.4,0.30943315008271477,0.817015109378574,-0.7867290860071013,77.71844637911893,63,1177,0.2892602605062669,4069,uvix_ohlc_series_cto_otc,gspc_open_implied_rsi14,base alpha=54.5 running drawdown; uvix entry fixed 69.5; optimize exit<=68.5
prev_close_sma_same_open_running_dd_base_uvix_open_implied_rsi_fixed_entry_tolerance,2010-02-12,tqqq_open_running_drawdown_from_peak,54.5,69.5,45.4,12.05,57.45,0.30943315008271477,0.817015109378574,-0.7867290860071013,77.71844637911893,63,1177,0.2892602605062669,4069,uvix_ohlc_series_cto_otc,gspc_open_implied_rsi14,base alpha=54.5 running drawdown; uvix entry fixed 69.5; optimize exit<=68.5
prev_close_sma_same_open_running_dd_base_uvix_open_implied_rsi_fixed_entry_tolerance,2010-02-12,tqqq_open_running_drawdown_from_peak,54.5,69.5,45.5,12.0,57.5,0.30943315008271477,0.817015109378574,-0.7867290860071013,77.71844637911893,63,1177,0.2892602605062669,4069,uvix_ohlc_series_cto_otc,gspc_open_implied_rsi14,base alpha=54.5 running drawdown; uvix entry fixed 69.5; optimize exit<=68.5
prev_close_sma_same_open_running_dd_base_uvix_open_implied_rsi_fixed_entry_tolerance,2010-02-12,tqqq_open_running_drawdown_from_peak,54.5,69.5,45.6,11.95,57.55,0.3037033635110782,0.8168463058281868,-0.7867290860071015,72.40553166311032,63,1173,0.28827721798967804,4069,uvix_ohlc_series_cto_otc,gspc_open_implied_rsi14,base alpha=54.5 running drawdown; uvix entry fixed 69.5; optimize exit<=68.5
prev_close_sma_same_open_running_dd_base_uvix_open_implied_rsi_fixed_entry_tolerance,2010-02-12,tqqq_open_running_drawdown_from_peak,54.5,69.5,45.7,11.899999999999999,57.6,0.29504468484733093,0.8168673407285613,-0.7867290860071013,65.01930366698261,63,1172,0.2880314573605308,4069,uvix_ohlc_series_cto_otc,gspc_open_implied_rsi14,base alpha=54.5 running drawdown; uvix entry fixed 69.5; optimize exit<=68.5
prev_close_sma_same_open_running_dd_base_uvix_open_implied_rsi_fixed_entry_tolerance,2010-02-12,tqqq_open_running_drawdown_from_peak,54.5,69.5,45.8,11.850000000000001,57.65,0.2807771290420673,0.8109554467620558,-0.786729086007101,54.36969147015216,63,1157,0.28434504792332266,4069,uvix_ohlc_series_cto_otc,gspc_open_implied_rsi14,base alpha=54.5 running drawdown; uvix entry fixed 69.5; optimize exit<=68.5
prev_close_sma_same_open_running_dd_base_uvix_open_implied_rsi_fixed_entry_tolerance,2010-02-12,tqqq_open_running_drawdown_from_peak,54.5,69.5,45.9,11.8,57.7,0.27695369470244224,0.8098625359017378,-0.786729086007101,51.80737559470304,63,1152,0.2831162447775866,4069,uvix_ohlc_series_cto_otc,gspc_open_implied_rsi14,base alpha=54.5 running drawdown; uvix entry fixed 69.5; optimize exit<=68.5
prev_close_sma_same_open_running_dd_base_uvix_open_implied_rsi_fixed_entry_tolerance,2010-02-12,tqqq_open_running_drawdown_from_peak,54.5,69.5,46.0,11.75,57.75,0.27695369470244224,0.8098625359017378,-0.786729086007101,51.80737559470304,63,1152,0.2831162447775866,4069,uvix_ohlc_series_cto_otc,gspc_open_implied_rsi14,base alpha=54.5 running drawdown; uvix entry fixed 69.5; optimize exit<=68.5
prev_close_sma_same_open_running_dd_base_uvix_open_implied_rsi_fixed_entry_tolerance,2010-02-12,tqqq_open_running_drawdown_from_peak,54.5,69.5,46.1,11.7,57.8,0.2754579806706916,0.809512830298591,-0.786729086007101,50.83618649635444,63,1148,0.2821332022609978,4069,uvix_ohlc_series_cto_otc,gspc_open_implied_rsi14,base alpha=54.5 running drawdown; uvix entry fixed 69.5; optimize exit<=68.5
prev_close_sma_same_open_running_dd_base_uvix_open_implied_rsi_fixed_entry_tolerance,2010-02-12,tqqq_open_running_drawdown_from_peak,54.5,69.5,46.2,11.649999999999999,57.85,0.2623153191772227,0.8094994426181261,-0.7867290860071005,43.007050024973736,63,1147,0.2818874416318506,4069,uvix_ohlc_series_cto_otc,gspc_open_implied_rsi14,base alpha=54.5 running drawdown; uvix entry fixed 69.5; optimize exit<=68.5
